object	timestamp	instances	dimension0	dimension1	pr
muZ	0	muZ0	68	45	0.222222222222222
muZ	0	muZ1	44	32	0.5
muZ	0	muZ2	70	19	0.277777777777778
vhL	1	vhL0	43	81	0.75
vhL	1	vhL1	43	65	0.25
pNh	2	pNh0	25	71	0.222222222222222
pNh	2	pNh1	37	59	0.444444444444444
pNh	2	pNh2	24	63	0.333333333333333
kAt	3	kAt0	59	60	0.391304347826087
kAt	3	kAt1	69	63	0.173913043478261
kAt	3	kAt2	51	64	0.217391304347826
kAt	3	kAt3	66	61	0.217391304347826
bnS	4	bnS0	74	69	0.272727272727273
bnS	4	bnS1	91	66	0.454545454545455
bnS	4	bnS2	91	50	0.272727272727273
crn	5	crn0	45	75	0.428571428571429
crn	5	crn1	18	70	0.428571428571429
crn	5	crn2	43	53	0.142857142857143
dsG	6	dsG0	17	64	0.571428571428571
dsG	6	dsG1	8	72	0.285714285714286
dsG	6	dsG2	12	74	0.142857142857143
pFY	7	pFY0	38	76	0.111111111111111
pFY	7	pFY1	43	80	0.222222222222222
pFY	7	pFY2	36	75	0.222222222222222
pFY	7	pFY3	43	62	0.444444444444444
cpw	8	cpw0	50	95	0.235294117647059
cpw	8	cpw1	56	81	0.0588235294117647
cpw	8	cpw2	52	98	0.470588235294118
cpw	8	cpw3	55	90	0.235294117647059
ekj	9	ekj0	40	72	0.0869565217391304
ekj	9	ekj1	35	84	0.391304347826087
ekj	9	ekj2	48	58	0.304347826086957
ekj	9	ekj3	28	69	0.217391304347826
pAo	10	pAo0	40	79	0.133333333333333
pAo	10	pAo1	27	72	0.466666666666667
pAo	10	pAo2	44	73	0.4
iuv	11	iuv0	21	89	0.347826086956522
iuv	11	iuv1	27	67	0.260869565217391
iuv	11	iuv2	19	64	0.391304347826087
FKQ	12	FKQ0	38	91	0.133333333333333
FKQ	12	FKQ1	40	75	0.133333333333333
FKQ	12	FKQ2	61	77	0.6
FKQ	12	FKQ3	48	93	0.133333333333333
Ajz	13	Ajz0	20	68	0.24
Ajz	13	Ajz1	24	75	0.12
Ajz	13	Ajz2	22	83	0.32
Ajz	13	Ajz3	11	77	0.32
mnW	14	mnW0	47	50	0.5
mnW	14	mnW1	50	48	0.5
DTe	15	DTe0	26	17	0.25
DTe	15	DTe1	38	28	0.75
GCa	16	GCa0	39	80	0.222222222222222
GCa	16	GCa1	49	75	0.666666666666667
GCa	16	GCa2	50	91	0.111111111111111
PZO	17	PZO0	76	43	0.428571428571429
PZO	17	PZO1	63	44	0.428571428571429
PZO	17	PZO2	74	25	0.142857142857143
yks	18	yks0	20	3	0.25
yks	18	yks1	33	12	0.75
rno	19	rno0	67	44	0.206896551724138
rno	19	rno1	64	42	0.206896551724138
rno	19	rno2	59	22	0.310344827586207
rno	19	rno3	75	29	0.275862068965517
ZQv	20	ZQv0	38	36	0.166666666666667
ZQv	20	ZQv1	36	34	0.333333333333333
ZQv	20	ZQv2	44	39	0.333333333333333
ZQv	20	ZQv3	48	24	0.166666666666667
bhH	21	bhH0	77	36	0.444444444444444
bhH	21	bhH1	58	29	0.333333333333333
bhH	21	bhH2	78	23	0.222222222222222
rfU	22	rfU0	12	34	0.0769230769230769
rfU	22	rfU1	32	23	0.307692307692308
rfU	22	rfU2	16	16	0.615384615384615
foV	23	foV0	32	70	0.857142857142857
foV	23	foV1	29	82	0.142857142857143
htj	24	htj0	39	41	0.8
htj	24	htj1	17	25	0.2
jha	25	jha0	44	38	0.294117647058824
jha	25	jha1	61	21	0.117647058823529
jha	25	jha2	44	15	0.529411764705882
jha	25	jha3	51	32	0.0588235294117647
vNk	26	vNk0	56	45	0.15
vNk	26	vNk1	62	65	0.15
vNk	26	vNk2	75	46	0.25
vNk	26	vNk3	67	45	0.45
fST	27	fST0	25	57	0.571428571428571
fST	27	fST1	17	49	0.428571428571429
oEg	28	oEg0	57	72	0.111111111111111
oEg	28	oEg1	56	85	0.888888888888889
TNB	29	TNB0	71	80	0.5
TNB	29	TNB1	68	73	0.333333333333333
TNB	29	TNB2	79	91	0.166666666666667
Xfn	30	Xfn0	72	45	0.291666666666667
Xfn	30	Xfn1	93	37	0.25
Xfn	30	Xfn2	82	43	0.125
Xfn	30	Xfn3	79	54	0.333333333333333
nxE	31	nxE0	72	55	0.5
nxE	31	nxE1	74	54	0.5
VoW	32	VoW0	47	80	0.111111111111111
VoW	32	VoW1	46	72	0.222222222222222
VoW	32	VoW2	67	98	0.388888888888889
VoW	32	VoW3	56	84	0.277777777777778
XnH	33	XnH0	85	20	0.5
XnH	33	XnH1	83	20	0.5
OjW	34	OjW0	67	39	0.5625
OjW	34	OjW1	90	21	0.25
OjW	34	OjW2	85	37	0.1875
kJc	35	kJc0	52	32	0.4
kJc	35	kJc1	72	30	0.1
kJc	35	kJc2	78	38	0.4
kJc	35	kJc3	64	44	0.1
XmV	36	XmV0	42	46	0.315789473684211
XmV	36	XmV1	39	51	0.105263157894737
XmV	36	XmV2	58	45	0.210526315789474
XmV	36	XmV3	35	23	0.368421052631579
VTz	37	VTz0	75	7	0.444444444444444
VTz	37	VTz1	62	25	0.555555555555556
KnV	38	KnV0	46	64	0.888888888888889
KnV	38	KnV1	42	56	0.111111111111111
ibr	39	ibr0	30	69	0.222222222222222
ibr	39	ibr1	18	77	0.222222222222222
ibr	39	ibr2	10	91	0.444444444444444
ibr	39	ibr3	7	82	0.111111111111111
QKR	40	QKR0	18	66	0.0952380952380952
QKR	40	QKR1	23	57	0.285714285714286
QKR	40	QKR2	36	83	0.19047619047619
QKR	40	QKR3	19	83	0.428571428571429
mst	41	mst0	75	31	0.363636363636364
mst	41	mst1	74	34	0.181818181818182
mst	41	mst2	70	46	0.318181818181818
mst	41	mst3	56	24	0.136363636363636
pzU	42	pzU0	21	56	0.625
pzU	42	pzU1	15	64	0.375
KmB	43	KmB0	70	52	0.153846153846154
KmB	43	KmB1	69	48	0.307692307692308
KmB	43	KmB2	47	29	0.538461538461538
iHp	44	iHp0	40	44	0.227272727272727
iHp	44	iHp1	44	52	0.409090909090909
iHp	44	iHp2	36	55	0.318181818181818
iHp	44	iHp3	29	57	0.0454545454545455
qDA	45	qDA0	42	58	0.25
qDA	45	qDA1	19	47	0.5
qDA	45	qDA2	31	40	0.25
FST	46	FST0	74	65	0.375
FST	46	FST1	74	48	0.375
FST	46	FST2	74	46	0.0416666666666667
FST	46	FST3	49	69	0.208333333333333
EyE	47	EyE0	35	58	0.25
EyE	47	EyE1	52	50	0.75
Ryy	48	Ryy0	70	90	0.625
Ryy	48	Ryy1	88	80	0.375
SnM	49	SnM0	63	32	0.117647058823529
SnM	49	SnM1	56	45	0.117647058823529
SnM	49	SnM2	53	30	0.294117647058824
SnM	49	SnM3	64	24	0.470588235294118
fdf	50	fdf0	80	45	0.272727272727273
fdf	50	fdf1	67	61	0.0909090909090909
fdf	50	fdf2	65	48	0.636363636363636
Zqa	51	Zqa0	5	48	0.304347826086957
Zqa	51	Zqa1	16	59	0.217391304347826
Zqa	51	Zqa2	19	38	0.0869565217391304
Zqa	51	Zqa3	17	45	0.391304347826087
xQL	52	xQL0	43	56	0.347826086956522
xQL	52	xQL1	34	53	0.173913043478261
xQL	52	xQL2	27	45	0.0869565217391304
xQL	52	xQL3	40	38	0.391304347826087
dno	53	dno0	24	61	0.16
dno	53	dno1	19	47	0.24
dno	53	dno2	35	56	0.24
dno	53	dno3	37	58	0.36
yaw	54	yaw0	18	55	0.416666666666667
yaw	54	yaw1	42	59	0.583333333333333
QFM	55	QFM0	31	73	0.3
QFM	55	QFM1	39	66	0.35
QFM	55	QFM2	34	82	0.35
SWR	56	SWR0	32	31	0.4375
SWR	56	SWR1	41	33	0.5625
Edn	57	Edn0	33	29	0.25
Edn	57	Edn1	36	35	0.0833333333333333
Edn	57	Edn2	15	24	0.666666666666667
yRE	58	yRE0	74	84	0.5625
yRE	58	yRE1	72	67	0.4375
Zvm	59	Zvm0	52	43	0.6
Zvm	59	Zvm1	40	45	0.4
tTc	60	tTc0	32	52	0.315789473684211
tTc	60	tTc1	19	42	0.421052631578947
tTc	60	tTc2	22	56	0.263157894736842
ZGk	61	ZGk0	34	37	0.384615384615385
ZGk	61	ZGk1	34	37	0.0769230769230769
ZGk	61	ZGk2	33	34	0.538461538461538
ssF	62	ssF0	25	60	0.153846153846154
ssF	62	ssF1	34	61	0.384615384615385
ssF	62	ssF2	28	52	0.153846153846154
ssF	62	ssF3	42	33	0.307692307692308
fAY	63	fAY0	6	49	0.375
fAY	63	fAY1	12	45	0.4375
fAY	63	fAY2	28	21	0.125
fAY	63	fAY3	21	36	0.0625
xLz	64	xLz0	40	6	0.3
xLz	64	xLz1	36	12	0.7
onk	65	onk0	77	39	0.166666666666667
onk	65	onk1	66	32	0.666666666666667
onk	65	onk2	92	24	0.166666666666667
MFb	66	MFb0	87	53	0.6
MFb	66	MFb1	83	73	0.4
mVd	67	mVd0	44	26	0.111111111111111
mVd	67	mVd1	59	41	0.111111111111111
mVd	67	mVd2	64	47	0.777777777777778
QbW	68	QbW0	66	56	0.294117647058824
QbW	68	QbW1	94	68	0.235294117647059
QbW	68	QbW2	65	72	0.294117647058824
QbW	68	QbW3	73	56	0.176470588235294
gSb	69	gSb0	55	64	0.36
gSb	69	gSb1	49	77	0.28
gSb	69	gSb2	47	80	0.04
gSb	69	gSb3	45	67	0.32
RGF	70	RGF0	80	89	0.272727272727273
RGF	70	RGF1	82	77	0.181818181818182
RGF	70	RGF2	71	88	0.545454545454545
Ttf	71	Ttf0	69	92	0.5
Ttf	71	Ttf1	65	73	0.5
rva	72	rva0	17	24	0.157894736842105
rva	72	rva1	22	23	0.105263157894737
rva	72	rva2	10	45	0.421052631578947
rva	72	rva3	20	23	0.315789473684211
jag	73	jag0	50	88	0.333333333333333
jag	73	jag1	39	81	0.583333333333333
jag	73	jag2	46	89	0.0833333333333333
qpy	74	qpy0	54	50	0.5
qpy	74	qpy1	55	65	0.222222222222222
qpy	74	qpy2	59	66	0.277777777777778
evc	75	evc0	54	55	0.272727272727273
evc	75	evc1	55	42	0.0909090909090909
evc	75	evc2	36	66	0.636363636363636
wvp	76	wvp0	40	34	0.6
wvp	76	wvp1	51	56	0.3
wvp	76	wvp2	46	38	0.1
Cck	77	Cck0	69	16	0.409090909090909
Cck	77	Cck1	62	26	0.318181818181818
Cck	77	Cck2	70	22	0.272727272727273
eQQ	78	eQQ0	27	38	0.333333333333333
eQQ	78	eQQ1	15	22	0.111111111111111
eQQ	78	eQQ2	13	23	0.444444444444444
eQQ	78	eQQ3	34	39	0.111111111111111
MpD	79	MpD0	22	36	0.7
MpD	79	MpD1	42	32	0.3
vfj	80	vfj0	52	17	0.111111111111111
vfj	80	vfj1	53	25	0.888888888888889
cGX	81	cGX0	17	56	0.416666666666667
cGX	81	cGX1	13	59	0.583333333333333
NYb	82	NYb0	78	36	0.555555555555556
NYb	82	NYb1	80	43	0.444444444444444
vBC	83	vBC0	46	24	0.4
vBC	83	vBC1	46	24	0.6
pGm	84	pGm0	37	53	0.5
pGm	84	pGm1	28	37	0.3
pGm	84	pGm2	30	49	0.2
qJy	85	qJy0	50	34	0.533333333333333
qJy	85	qJy1	62	17	0.466666666666667
nQG	86	nQG0	70	36	0.4
nQG	86	nQG1	77	39	0.6
zcL	87	zcL0	86	73	0.125
zcL	87	zcL1	88	72	0.25
zcL	87	zcL2	77	76	0.625
vOv	88	vOv0	41	35	0.571428571428571
vOv	88	vOv1	33	34	0.428571428571429
gXS	89	gXS0	24	20	0.181818181818182
gXS	89	gXS1	12	29	0.545454545454545
gXS	89	gXS2	12	20	0.272727272727273
Ptk	90	Ptk0	41	79	0.875
Ptk	90	Ptk1	23	89	0.125
GoH	91	GoH0	74	42	0.176470588235294
GoH	91	GoH1	73	37	0.294117647058824
GoH	91	GoH2	71	41	0.529411764705882
WTO	92	WTO0	37	37	0.3
WTO	92	WTO1	41	24	0.2
WTO	92	WTO2	50	21	0.2
WTO	92	WTO3	65	34	0.3
uFS	93	uFS0	53	43	0.222222222222222
uFS	93	uFS1	70	38	0.777777777777778
OwQ	94	OwQ0	48	47	0.35
OwQ	94	OwQ1	70	49	0.3
OwQ	94	OwQ2	51	36	0.35
fmW	95	fmW0	24	10	0.0625
fmW	95	fmW1	31	7	0.3125
fmW	95	fmW2	32	16	0.375
fmW	95	fmW3	45	7	0.25
FuG	96	FuG0	55	45	0.272727272727273
FuG	96	FuG1	61	38	0.318181818181818
FuG	96	FuG2	60	22	0.409090909090909
fCg	97	fCg0	52	18	0.214285714285714
fCg	97	fCg1	48	11	0.25
fCg	97	fCg2	53	31	0.321428571428571
fCg	97	fCg3	57	21	0.214285714285714
mbP	98	mbP0	63	6	0.333333333333333
mbP	98	mbP1	58	20	0.666666666666667
ico	99	ico0	74	46	0.9
ico	99	ico1	69	44	0.1
faB	100	faB0	54	62	0.555555555555556
faB	100	faB1	76	62	0.444444444444444
mdB	101	mdB0	82	38	0.166666666666667
mdB	101	mdB1	55	46	0.5
mdB	101	mdB2	62	35	0.333333333333333
bxJ	102	bxJ0	18	32	0.5
bxJ	102	bxJ1	17	44	0.5
AUq	103	AUq0	29	35	0.318181818181818
AUq	103	AUq1	41	43	0.318181818181818
AUq	103	AUq2	58	32	0.363636363636364
tjF	104	tjF0	22	42	0.625
tjF	104	tjF1	29	26	0.375
gjH	105	gjH0	39	38	0.363636363636364
gjH	105	gjH1	44	34	0.545454545454545
gjH	105	gjH2	50	51	0.0909090909090909
zbZ	106	zbZ0	53	57	0.238095238095238
zbZ	106	zbZ1	58	56	0.238095238095238
zbZ	106	zbZ2	55	37	0.428571428571429
zbZ	106	zbZ3	67	56	0.0952380952380952
SJm	107	SJm0	74	70	0.833333333333333
SJm	107	SJm1	63	50	0.166666666666667
Uoh	108	Uoh0	41	35	0.111111111111111
Uoh	108	Uoh1	27	28	0.777777777777778
Uoh	108	Uoh2	15	23	0.111111111111111
iqW	109	iqW0	77	65	0.272727272727273
iqW	109	iqW1	79	63	0.727272727272727
Uxv	110	Uxv0	48	44	0.0666666666666667
Uxv	110	Uxv1	37	28	0.6
Uxv	110	Uxv2	34	41	0.266666666666667
Uxv	110	Uxv3	35	36	0.0666666666666667
NoV	111	NoV0	18	58	0.105263157894737
NoV	111	NoV1	27	42	0.421052631578947
NoV	111	NoV2	9	52	0.105263157894737
NoV	111	NoV3	20	40	0.368421052631579
QGf	112	QGf0	43	88	0.473684210526316
QGf	112	QGf1	25	78	0.0526315789473684
QGf	112	QGf2	28	80	0.473684210526316
LsC	113	LsC0	67	47	0.333333333333333
LsC	113	LsC1	54	33	0.533333333333333
LsC	113	LsC2	53	34	0.133333333333333
Zrg	114	Zrg0	87	55	0.571428571428571
Zrg	114	Zrg1	93	67	0.428571428571429
sdA	115	sdA0	35	21	0.0588235294117647
sdA	115	sdA1	46	23	0.294117647058824
sdA	115	sdA2	49	27	0.235294117647059
sdA	115	sdA3	55	19	0.411764705882353
fWx	116	fWx0	24	58	0.133333333333333
fWx	116	fWx1	24	57	0.6
fWx	116	fWx2	27	66	0.266666666666667
DOA	117	DOA0	88	8	0.470588235294118
DOA	117	DOA1	74	30	0.529411764705882
akK	118	akK0	50	68	0.206896551724138
akK	118	akK1	41	73	0.310344827586207
akK	118	akK2	61	78	0.241379310344828
akK	118	akK3	43	66	0.241379310344828
Pzo	119	Pzo0	7	77	0.222222222222222
Pzo	119	Pzo1	12	64	0.5
Pzo	119	Pzo2	14	84	0.277777777777778
Gtd	120	Gtd0	35	44	0.285714285714286
Gtd	120	Gtd1	60	53	0.5
Gtd	120	Gtd2	40	44	0.214285714285714
GKw	121	GKw0	73	32	0.636363636363636
GKw	121	GKw1	82	27	0.272727272727273
GKw	121	GKw2	84	27	0.0909090909090909
MdB	122	MdB0	35	53	0.5
MdB	122	MdB1	29	59	0.388888888888889
MdB	122	MdB2	31	54	0.111111111111111
Cxt	123	Cxt0	81	48	0.1
Cxt	123	Cxt1	89	51	0.5
Cxt	123	Cxt2	70	50	0.4
HJu	124	HJu0	17	40	0.347826086956522
HJu	124	HJu1	29	18	0.304347826086957
HJu	124	HJu2	20	33	0.347826086956522
noU	125	noU0	64	55	0.4
noU	125	noU1	71	55	0.6
Tut	126	Tut0	84	64	0.321428571428571
Tut	126	Tut1	70	47	0.321428571428571
Tut	126	Tut2	87	61	0.178571428571429
Tut	126	Tut3	60	43	0.178571428571429
ZLN	127	ZLN0	19	81	0.333333333333333
ZLN	127	ZLN1	13	85	0.148148148148148
ZLN	127	ZLN2	33	63	0.185185185185185
ZLN	127	ZLN3	19	66	0.333333333333333
Rnw	128	Rnw0	86	28	0.857142857142857
Rnw	128	Rnw1	85	39	0.142857142857143
UzZ	129	UzZ0	43	75	0.166666666666667
UzZ	129	UzZ1	29	94	0.5
UzZ	129	UzZ2	47	70	0.333333333333333
LPB	130	LPB0	32	28	0.136363636363636
LPB	130	LPB1	22	14	0.318181818181818
LPB	130	LPB2	40	22	0.363636363636364
LPB	130	LPB3	45	11	0.181818181818182
EaY	131	EaY0	24	48	0.571428571428571
EaY	131	EaY1	47	58	0.428571428571429
tHy	132	tHy0	81	63	0.428571428571429
tHy	132	tHy1	82	75	0.571428571428571
MSh	133	MSh0	26	9	0.5
MSh	133	MSh1	39	13	0.5
fCa	134	fCa0	66	45	0.263157894736842
fCa	134	fCa1	53	55	0.368421052631579
fCa	134	fCa2	47	51	0.368421052631579
uYE	135	uYE0	93	40	0.32
uYE	135	uYE1	75	53	0.36
uYE	135	uYE2	91	51	0.32
GsS	136	GsS0	39	93	0.210526315789474
GsS	136	GsS1	26	77	0.315789473684211
GsS	136	GsS2	24	73	0.210526315789474
GsS	136	GsS3	35	66	0.263157894736842
qSi	137	qSi0	20	56	0.4
qSi	137	qSi1	29	60	0.6
Pwk	138	Pwk0	67	91	0.214285714285714
Pwk	138	Pwk1	74	78	0.178571428571429
Pwk	138	Pwk2	61	90	0.321428571428571
Pwk	138	Pwk3	72	77	0.285714285714286
Vit	139	Vit0	8	72	0.6
Vit	139	Vit1	18	77	0.4
XQF	140	XQF0	42	37	0.5
XQF	140	XQF1	29	37	0.5
Suq	141	Suq0	25	67	0.3125
Suq	141	Suq1	15	74	0.0625
Suq	141	Suq2	35	48	0.375
Suq	141	Suq3	31	69	0.25
LcM	142	LcM0	82	63	0.714285714285714
LcM	142	LcM1	75	54	0.285714285714286
jpR	143	jpR0	62	24	0.9
jpR	143	jpR1	77	26	0.1
bqi	144	bqi0	40	42	0.4
bqi	144	bqi1	34	42	0.3
bqi	144	bqi2	17	42	0.3
euv	145	euv0	71	79	0.5625
euv	145	euv1	47	68	0.4375
uSb	146	uSb0	58	58	0.0588235294117647
uSb	146	uSb1	64	51	0.411764705882353
uSb	146	uSb2	43	58	0.529411764705882
zkU	147	zkU0	24	54	0.380952380952381
zkU	147	zkU1	39	43	0.333333333333333
zkU	147	zkU2	37	52	0.285714285714286
qyp	148	qyp0	36	35	0.291666666666667
qyp	148	qyp1	52	46	0.333333333333333
qyp	148	qyp2	35	36	0.375
HCs	149	HCs0	38	69	0.7
HCs	149	HCs1	39	65	0.3
GCK	150	GCK0	50	77	0.185185185185185
GCK	150	GCK1	52	70	0.259259259259259
GCK	150	GCK2	39	69	0.296296296296296
GCK	150	GCK3	47	80	0.259259259259259
FtG	151	FtG0	22	42	0.2
FtG	151	FtG1	28	47	0.533333333333333
FtG	151	FtG2	26	58	0.0666666666666667
FtG	151	FtG3	35	52	0.2
HOw	152	HOw0	49	54	0.391304347826087
HOw	152	HOw1	32	48	0.130434782608696
HOw	152	HOw2	42	60	0.391304347826087
HOw	152	HOw3	37	48	0.0869565217391304
BJo	153	BJo0	28	38	0.4375
BJo	153	BJo1	26	50	0.1875
BJo	153	BJo2	46	35	0.375
ovL	154	ovL0	80	23	0.15
ovL	154	ovL1	88	24	0.45
ovL	154	ovL2	84	35	0.4
moD	155	moD0	62	76	0.5
moD	155	moD1	54	76	0.5
weo	156	weo0	33	24	0.538461538461538
weo	156	weo1	27	47	0.461538461538462
YLJ	157	YLJ0	79	71	0.529411764705882
YLJ	157	YLJ1	86	59	0.117647058823529
YLJ	157	YLJ2	87	63	0.352941176470588
kFF	158	kFF0	72	36	0.4
kFF	158	kFF1	86	28	0.45
kFF	158	kFF2	71	34	0.15
ZcY	159	ZcY0	56	11	0.6
ZcY	159	ZcY1	33	9	0.4
xaw	160	xaw0	21	50	0.888888888888889
xaw	160	xaw1	31	53	0.111111111111111
yMQ	161	yMQ0	73	38	0.15
yMQ	161	yMQ1	50	39	0.35
yMQ	161	yMQ2	46	64	0.2
yMQ	161	yMQ3	53	38	0.3
MNk	162	MNk0	38	50	0.25
MNk	162	MNk1	37	28	0.333333333333333
MNk	162	MNk2	18	27	0.416666666666667
yGV	163	yGV0	29	22	0.5
yGV	163	yGV1	26	19	0.5
qxm	164	qxm0	28	83	0.333333333333333
qxm	164	qxm1	46	63	0.333333333333333
qxm	164	qxm2	21	63	0.111111111111111
qxm	164	qxm3	35	78	0.222222222222222
uXr	165	uXr0	61	75	0.666666666666667
uXr	165	uXr1	44	69	0.333333333333333
Jzr	166	Jzr0	67	61	0.25
Jzr	166	Jzr1	60	37	0.125
Jzr	166	Jzr2	62	45	0.291666666666667
Jzr	166	Jzr3	42	43	0.333333333333333
fvZ	167	fvZ0	63	61	0.233333333333333
fvZ	167	fvZ1	72	70	0.3
fvZ	167	fvZ2	54	52	0.233333333333333
fvZ	167	fvZ3	70	61	0.233333333333333
GFf	168	GFf0	42	60	0.315789473684211
GFf	168	GFf1	37	65	0.368421052631579
GFf	168	GFf2	54	66	0.105263157894737
GFf	168	GFf3	56	64	0.210526315789474
mUL	169	mUL0	52	23	0.0416666666666667
mUL	169	mUL1	55	34	0.375
mUL	169	mUL2	45	28	0.208333333333333
mUL	169	mUL3	38	15	0.375
opP	170	opP0	41	57	0.260869565217391
opP	170	opP1	42	65	0.173913043478261
opP	170	opP2	50	80	0.217391304347826
opP	170	opP3	34	59	0.347826086956522
GPB	171	GPB0	73	30	0.2
GPB	171	GPB1	57	31	0.466666666666667
GPB	171	GPB2	69	30	0.266666666666667
GPB	171	GPB3	57	10	0.0666666666666667
rBr	172	rBr0	45	25	0.210526315789474
rBr	172	rBr1	41	42	0.105263157894737
rBr	172	rBr2	37	24	0.315789473684211
rBr	172	rBr3	37	16	0.368421052631579
AEZ	173	AEZ0	45	71	0.25
AEZ	173	AEZ1	49	72	0.3125
AEZ	173	AEZ2	52	91	0.4375
sGQ	174	sGQ0	15	40	0.15
sGQ	174	sGQ1	18	45	0.45
sGQ	174	sGQ2	27	39	0.4
QFT	175	QFT0	51	48	0.388888888888889
QFT	175	QFT1	54	45	0.222222222222222
QFT	175	QFT2	59	35	0.277777777777778
QFT	175	QFT3	72	40	0.111111111111111
Tgp	176	Tgp0	35	39	0.9
Tgp	176	Tgp1	16	17	0.1
HWj	177	HWj0	26	69	0.25
HWj	177	HWj1	35	46	0.125
HWj	177	HWj2	18	71	0.3125
HWj	177	HWj3	33	49	0.3125
DkN	178	DkN0	35	34	0.5625
DkN	178	DkN1	25	35	0.0625
DkN	178	DkN2	40	31	0.1875
DkN	178	DkN3	17	41	0.1875
PXZ	179	PXZ0	40	79	0.2
PXZ	179	PXZ1	44	76	0.8
AFd	180	AFd0	52	47	0.310344827586207
AFd	180	AFd1	65	49	0.206896551724138
AFd	180	AFd2	59	65	0.310344827586207
AFd	180	AFd3	42	67	0.172413793103448
CMB	181	CMB0	82	48	0.4375
CMB	181	CMB1	60	64	0.125
CMB	181	CMB2	68	67	0.4375
WOf	182	WOf0	64	41	0.315789473684211
WOf	182	WOf1	56	22	0.315789473684211
WOf	182	WOf2	72	31	0.157894736842105
WOf	182	WOf3	67	30	0.210526315789474
arK	183	arK0	9	8	0.25
arK	183	arK1	17	27	0.166666666666667
arK	183	arK2	10	8	0.208333333333333
arK	183	arK3	23	28	0.375
Jod	184	Jod0	27	15	0.5
Jod	184	Jod1	37	24	0.5
jQY	185	jQY0	51	57	0.1875
jQY	185	jQY1	66	59	0.375
jQY	185	jQY2	52	52	0.4375
Uro	186	Uro0	78	68	0.142857142857143
Uro	186	Uro1	79	78	0.5
Uro	186	Uro2	83	78	0.0714285714285714
Uro	186	Uro3	75	84	0.285714285714286
dSp	187	dSp0	91	28	0.28
dSp	187	dSp1	88	37	0.24
dSp	187	dSp2	79	33	0.24
dSp	187	dSp3	91	29	0.24
OVO	188	OVO0	71	45	0.230769230769231
OVO	188	OVO1	66	61	0.346153846153846
OVO	188	OVO2	69	39	0.192307692307692
OVO	188	OVO3	92	63	0.230769230769231
cfC	189	cfC0	68	70	0.285714285714286
cfC	189	cfC1	58	73	0.714285714285714
XxU	190	XxU0	42	76	0.111111111111111
XxU	190	XxU1	30	55	0.888888888888889
kBP	191	kBP0	77	68	0.4
kBP	191	kBP1	66	48	0.4
kBP	191	kBP2	59	47	0.2
mAw	192	mAw0	31	50	0.5
mAw	192	mAw1	26	34	0.375
mAw	192	mAw2	27	30	0.125
KjR	193	KjR0	55	24	0.416666666666667
KjR	193	KjR1	43	38	0.166666666666667
KjR	193	KjR2	39	17	0.25
KjR	193	KjR3	66	45	0.166666666666667
gem	194	gem0	88	74	0.19047619047619
gem	194	gem1	81	86	0.238095238095238
gem	194	gem2	68	76	0.285714285714286
gem	194	gem3	82	72	0.285714285714286
BRh	195	BRh0	33	28	0.384615384615385
BRh	195	BRh1	55	30	0.615384615384615
Qsy	196	Qsy0	34	88	0.368421052631579
Qsy	196	Qsy1	30	70	0.105263157894737
Qsy	196	Qsy2	38	70	0.263157894736842
Qsy	196	Qsy3	46	88	0.263157894736842
MrM	197	MrM0	16	64	0.0588235294117647
MrM	197	MrM1	12	71	0.352941176470588
MrM	197	MrM2	24	81	0.235294117647059
MrM	197	MrM3	25	88	0.352941176470588
Qnx	198	Qnx0	93	59	0.421052631578947
Qnx	198	Qnx1	79	56	0.0526315789473684
Qnx	198	Qnx2	84	62	0.421052631578947
Qnx	198	Qnx3	70	56	0.105263157894737
FZr	199	FZr0	51	27	0.571428571428571
FZr	199	FZr1	44	16	0.285714285714286
FZr	199	FZr2	61	26	0.142857142857143
gxA	200	gxA0	78	66	0.25
gxA	200	gxA1	87	59	0.0625
gxA	200	gxA2	67	58	0.125
gxA	200	gxA3	87	50	0.5625
ZZJ	201	ZZJ0	60	82	0.692307692307692
ZZJ	201	ZZJ1	72	68	0.307692307692308
xZL	202	xZL0	29	76	0.5
xZL	202	xZL1	41	76	0.142857142857143
xZL	202	xZL2	48	71	0.357142857142857
TLD	203	TLD0	24	32	0.233333333333333
TLD	203	TLD1	25	37	0.233333333333333
TLD	203	TLD2	24	56	0.266666666666667
TLD	203	TLD3	14	43	0.266666666666667
ViF	204	ViF0	85	45	0.25
ViF	204	ViF1	85	54	0.666666666666667
ViF	204	ViF2	71	41	0.0833333333333333
fVd	205	fVd0	68	12	0.111111111111111
fVd	205	fVd1	51	12	0.888888888888889
JvL	206	JvL0	12	57	0.3
JvL	206	JvL1	34	64	0.7
Lsp	207	Lsp0	54	80	0.428571428571429
Lsp	207	Lsp1	39	79	0.571428571428571
BiK	208	BiK0	53	38	0.4375
BiK	208	BiK1	34	21	0.3125
BiK	208	BiK2	45	13	0.25
sZc	209	sZc0	49	64	0.6
sZc	209	sZc1	56	90	0.4
NcP	210	NcP0	20	61	0.222222222222222
NcP	210	NcP1	29	61	0.5
NcP	210	NcP2	13	55	0.277777777777778
nZx	211	nZx0	42	70	0.321428571428571
nZx	211	nZx1	27	79	0.285714285714286
nZx	211	nZx2	45	68	0.142857142857143
nZx	211	nZx3	40	76	0.25
gHv	212	gHv0	36	55	0.117647058823529
gHv	212	gHv1	47	45	0.294117647058824
gHv	212	gHv2	45	34	0.117647058823529
gHv	212	gHv3	52	39	0.470588235294118
MPY	213	MPY0	87	67	0.5
MPY	213	MPY1	74	63	0.5
uax	214	uax0	74	41	0.6
uax	214	uax1	63	37	0.133333333333333
uax	214	uax2	61	36	0.266666666666667
UNC	215	UNC0	78	36	0.529411764705882
UNC	215	UNC1	62	23	0.294117647058824
UNC	215	UNC2	81	36	0.176470588235294
pSd	216	pSd0	72	36	0.208333333333333
pSd	216	pSd1	49	59	0.333333333333333
pSd	216	pSd2	70	47	0.375
pSd	216	pSd3	69	61	0.0833333333333333
XcT	217	XcT0	70	56	0.25
XcT	217	XcT1	74	56	0.25
XcT	217	XcT2	78	70	0.125
XcT	217	XcT3	69	50	0.375
bja	218	bja0	78	14	0.444444444444444
bja	218	bja1	93	23	0.111111111111111
bja	218	bja2	77	31	0.444444444444444
XgT	219	XgT0	40	40	0.181818181818182
XgT	219	XgT1	22	52	0.818181818181818
QkW	220	QkW0	37	69	0.5
QkW	220	QkW1	64	63	0.5
SQX	221	SQX0	58	23	0.7
SQX	221	SQX1	62	28	0.3
ema	222	ema0	43	45	0.6
ema	222	ema1	42	36	0.4
iXC	223	iXC0	73	39	0.0625
iXC	223	iXC1	65	42	0.375
iXC	223	iXC2	75	33	0.5
iXC	223	iXC3	61	22	0.0625
OmR	224	OmR0	58	72	0.263157894736842
OmR	224	OmR1	37	83	0.263157894736842
OmR	224	OmR2	43	66	0.315789473684211
OmR	224	OmR3	54	66	0.157894736842105
OuD	225	OuD0	46	87	0.666666666666667
OuD	225	OuD1	37	75	0.25
OuD	225	OuD2	54	67	0.0833333333333333
sMR	226	sMR0	77	15	0.333333333333333
sMR	226	sMR1	56	9	0.333333333333333
sMR	226	sMR2	77	20	0.222222222222222
sMR	226	sMR3	57	13	0.111111111111111
gSZ	227	gSZ0	5	61	0.4
gSZ	227	gSZ1	30	64	0.6
Fbn	228	Fbn0	32	63	0.117647058823529
Fbn	228	Fbn1	44	53	0.352941176470588
Fbn	228	Fbn2	42	68	0.529411764705882
voK	229	voK0	26	65	0.333333333333333
voK	229	voK1	27	66	0.666666666666667
VrQ	230	VrQ0	53	72	0.0714285714285714
VrQ	230	VrQ1	38	62	0.214285714285714
VrQ	230	VrQ2	55	63	0.0714285714285714
VrQ	230	VrQ3	38	63	0.642857142857143
rrC	231	rrC0	85	40	0.181818181818182
rrC	231	rrC1	91	60	0.818181818181818
Fra	232	Fra0	38	36	0.5
Fra	232	Fra1	28	44	0.5
XPu	233	XPu0	46	59	0.545454545454545
XPu	233	XPu1	59	55	0.454545454545455
dRi	234	dRi0	80	83	0.45
dRi	234	dRi1	65	82	0.3
dRi	234	dRi2	74	71	0.25
TTz	235	TTz0	55	44	0.454545454545455
TTz	235	TTz1	49	69	0.545454545454545
Ohc	236	Ohc0	55	40	0.222222222222222
Ohc	236	Ohc1	41	42	0.111111111111111
Ohc	236	Ohc2	55	22	0.666666666666667
guo	237	guo0	30	31	0.4375
guo	237	guo1	12	27	0.1875
guo	237	guo2	24	47	0.25
guo	237	guo3	15	31	0.125
mNO	238	mNO0	84	78	0.0714285714285714
mNO	238	mNO1	70	81	0.285714285714286
mNO	238	mNO2	59	81	0.642857142857143
Mpn	239	Mpn0	51	75	0.181818181818182
Mpn	239	Mpn1	42	68	0.818181818181818
oSQ	240	oSQ0	19	47	0.142857142857143
oSQ	240	oSQ1	43	52	0.714285714285714
oSQ	240	oSQ2	44	68	0.142857142857143
VYh	241	VYh0	32	45	0.318181818181818
VYh	241	VYh1	11	34	0.363636363636364
VYh	241	VYh2	9	35	0.318181818181818
pws	242	pws0	55	57	0.285714285714286
pws	242	pws1	57	54	0.714285714285714
BJd	243	BJd0	54	72	0.538461538461538
BJd	243	BJd1	41	62	0.230769230769231
BJd	243	BJd2	36	87	0.0769230769230769
BJd	243	BJd3	44	69	0.153846153846154
NnC	244	NnC0	89	28	0.5
NnC	244	NnC1	92	16	0.5
KhL	245	KhL0	78	70	0.260869565217391
KhL	245	KhL1	97	97	0.347826086956522
KhL	245	KhL2	70	80	0.347826086956522
KhL	245	KhL3	90	71	0.0434782608695652
Jit	246	Jit0	81	64	0.5
Jit	246	Jit1	81	71	0.5
cdR	247	cdR0	46	36	0.5
cdR	247	cdR1	49	42	0.25
cdR	247	cdR2	41	44	0.25
zNR	248	zNR0	47	25	0.545454545454545
zNR	248	zNR1	44	48	0.454545454545455
XJr	249	XJr0	71	59	0.3125
XJr	249	XJr1	77	55	0.125
XJr	249	XJr2	59	69	0.3125
XJr	249	XJr3	75	66	0.25
SoW	250	SoW0	29	50	0.4
SoW	250	SoW1	8	28	0.3
SoW	250	SoW2	5	40	0.3
OqR	251	OqR0	78	64	0.333333333333333
OqR	251	OqR1	78	58	0.4
OqR	251	OqR2	72	70	0.266666666666667
Qzc	252	Qzc0	12	38	0.5
Qzc	252	Qzc1	20	50	0.1875
Qzc	252	Qzc2	20	41	0.3125
ZbW	253	ZbW0	49	88	0.192307692307692
ZbW	253	ZbW1	39	82	0.153846153846154
ZbW	253	ZbW2	36	88	0.307692307692308
ZbW	253	ZbW3	36	77	0.346153846153846
uhx	254	uhx0	61	66	0.315789473684211
uhx	254	uhx1	52	82	0.157894736842105
uhx	254	uhx2	59	74	0.157894736842105
uhx	254	uhx3	54	87	0.368421052631579
LUw	255	LUw0	44	63	0.8
LUw	255	LUw1	44	62	0.2
tRt	256	tRt0	76	30	0.3
tRt	256	tRt1	84	35	0.266666666666667
tRt	256	tRt2	83	14	0.166666666666667
tRt	256	tRt3	89	17	0.266666666666667
ePd	257	ePd0	29	87	0.304347826086957
ePd	257	ePd1	27	90	0.0869565217391304
ePd	257	ePd2	39	73	0.260869565217391
ePd	257	ePd3	17	65	0.347826086956522
KFj	258	KFj0	10	14	0.368421052631579
KFj	258	KFj1	21	14	0.210526315789474
KFj	258	KFj2	7	29	0.421052631578947
dog	259	dog0	26	54	0.0555555555555556
dog	259	dog1	10	65	0.333333333333333
dog	259	dog2	19	74	0.388888888888889
dog	259	dog3	14	71	0.222222222222222
aCi	260	aCi0	3	56	0.222222222222222
aCi	260	aCi1	10	63	0.555555555555556
aCi	260	aCi2	13	56	0.222222222222222
tsH	261	tsH0	53	49	0.4
tsH	261	tsH1	55	35	0.6
DhV	262	DhV0	74	93	0.2
DhV	262	DhV1	85	69	0.2
DhV	262	DhV2	83	68	0.6
Aft	263	Aft0	82	39	0.409090909090909
Aft	263	Aft1	84	20	0.0909090909090909
Aft	263	Aft2	75	46	0.363636363636364
Aft	263	Aft3	59	29	0.136363636363636
UGS	264	UGS0	25	22	0.555555555555556
UGS	264	UGS1	28	35	0.444444444444444
aCz	265	aCz0	69	77	0.172413793103448
aCz	265	aCz1	79	75	0.275862068965517
aCz	265	aCz2	72	80	0.275862068965517
aCz	265	aCz3	83	93	0.275862068965517
TTs	266	TTs0	53	71	0.583333333333333
TTs	266	TTs1	68	80	0.416666666666667
jQj	267	jQj0	42	57	0.233333333333333
jQj	267	jQj1	54	63	0.233333333333333
jQj	267	jQj2	68	78	0.233333333333333
jQj	267	jQj3	59	56	0.3
AiU	268	AiU0	30	27	0.4
AiU	268	AiU1	33	45	0.4
AiU	268	AiU2	24	29	0.2
DOw	269	DOw0	71	30	0.269230769230769
DOw	269	DOw1	70	46	0.192307692307692
DOw	269	DOw2	60	37	0.230769230769231
DOw	269	DOw3	75	26	0.307692307692308
saw	270	saw0	67	43	0.125
saw	270	saw1	79	66	0.25
saw	270	saw2	82	59	0.625
zTJ	271	zTJ0	69	59	0.130434782608696
zTJ	271	zTJ1	87	58	0.391304347826087
zTJ	271	zTJ2	71	44	0.304347826086957
zTJ	271	zTJ3	90	55	0.173913043478261
Yxr	272	Yxr0	80	43	0.75
Yxr	272	Yxr1	58	32	0.25
wTm	273	wTm0	46	42	0.461538461538462
wTm	273	wTm1	41	38	0.384615384615385
wTm	273	wTm2	62	61	0.153846153846154
hfP	274	hfP0	58	59	0.666666666666667
hfP	274	hfP1	49	54	0.333333333333333
ALC	275	ALC0	45	72	0.7
ALC	275	ALC1	26	75	0.3
tvW	276	tvW0	63	41	0.142857142857143
tvW	276	tvW1	78	48	0.380952380952381
tvW	276	tvW2	83	36	0.333333333333333
tvW	276	tvW3	75	50	0.142857142857143
nkw	277	nkw0	56	60	0.0833333333333333
nkw	277	nkw1	60	84	0.333333333333333
nkw	277	nkw2	43	70	0.416666666666667
nkw	277	nkw3	42	72	0.166666666666667
neN	278	neN0	62	59	0.333333333333333
neN	278	neN1	71	72	0.666666666666667
YrK	279	YrK0	89	10	0.142857142857143
YrK	279	YrK1	75	8	0.857142857142857
PuY	280	PuY0	54	47	0.333333333333333
PuY	280	PuY1	52	36	0.25
PuY	280	PuY2	50	35	0.25
PuY	280	PuY3	61	32	0.166666666666667
MCo	281	MCo0	83	73	0.181818181818182
MCo	281	MCo1	65	79	0.409090909090909
MCo	281	MCo2	80	65	0.409090909090909
MvO	282	MvO0	21	31	0.0666666666666667
MvO	282	MvO1	24	39	0.2
MvO	282	MvO2	30	27	0.6
MvO	282	MvO3	28	33	0.133333333333333
TsQ	283	TsQ0	53	72	0.583333333333333
TsQ	283	TsQ1	50	82	0.416666666666667
PfA	284	PfA0	68	39	0.210526315789474
PfA	284	PfA1	74	20	0.315789473684211
PfA	284	PfA2	63	38	0.157894736842105
PfA	284	PfA3	76	27	0.315789473684211
SnD	285	SnD0	26	57	0.103448275862069
SnD	285	SnD1	33	66	0.275862068965517
SnD	285	SnD2	35	66	0.310344827586207
SnD	285	SnD3	16	67	0.310344827586207
HdB	286	HdB0	56	46	0.333333333333333
HdB	286	HdB1	45	53	0.380952380952381
HdB	286	HdB2	42	35	0.19047619047619
HdB	286	HdB3	36	53	0.0952380952380952
hQQ	287	hQQ0	33	56	0.636363636363636
hQQ	287	hQQ1	45	62	0.363636363636364
FAG	288	FAG0	39	19	0.545454545454545
FAG	288	FAG1	36	10	0.0909090909090909
FAG	288	FAG2	47	9	0.363636363636364
mUk	289	mUk0	83	41	0.263157894736842
mUk	289	mUk1	72	30	0.263157894736842
mUk	289	mUk2	59	37	0.0526315789473684
mUk	289	mUk3	76	35	0.421052631578947
jSk	290	jSk0	67	50	0.7
jSk	290	jSk1	67	43	0.1
jSk	290	jSk2	72	46	0.2
GkJ	291	GkJ0	16	20	0.35
GkJ	291	GkJ1	26	16	0.45
GkJ	291	GkJ2	30	10	0.2
sdt	292	sdt0	44	68	0.428571428571429
sdt	292	sdt1	51	72	0.142857142857143
sdt	292	sdt2	34	58	0.428571428571429
EDF	293	EDF0	34	15	0.384615384615385
EDF	293	EDF1	22	22	0.538461538461538
EDF	293	EDF2	15	16	0.0769230769230769
Txt	294	Txt0	53	33	0.333333333333333
Txt	294	Txt1	58	31	0.333333333333333
Txt	294	Txt2	71	43	0.333333333333333
FWo	295	FWo0	46	31	0.157894736842105
FWo	295	FWo1	46	46	0.157894736842105
FWo	295	FWo2	30	47	0.315789473684211
FWo	295	FWo3	51	31	0.368421052631579
OPr	296	OPr0	53	46	0.444444444444444
OPr	296	OPr1	52	47	0.555555555555556
UZW	297	UZW0	56	64	0.357142857142857
UZW	297	UZW1	57	69	0.642857142857143
cLA	298	cLA0	50	47	0.0555555555555556
cLA	298	cLA1	35	42	0.444444444444444
cLA	298	cLA2	24	40	0.5
PDy	299	PDy0	42	73	0.291666666666667
PDy	299	PDy1	34	74	0.166666666666667
PDy	299	PDy2	25	80	0.166666666666667
PDy	299	PDy3	29	78	0.375
fXK	300	fXK0	75	14	0.111111111111111
fXK	300	fXK1	72	30	0.333333333333333
fXK	300	fXK2	67	14	0.555555555555556
uLs	301	uLs0	38	57	0.153846153846154
uLs	301	uLs1	35	63	0.0769230769230769
uLs	301	uLs2	48	62	0.615384615384615
uLs	301	uLs3	33	48	0.153846153846154
zXi	302	zXi0	54	39	0.285714285714286
zXi	302	zXi1	55	53	0.321428571428571
zXi	302	zXi2	69	51	0.25
zXi	302	zXi3	67	29	0.142857142857143
MpE	303	MpE0	81	35	0.421052631578947
MpE	303	MpE1	65	37	0.157894736842105
MpE	303	MpE2	79	63	0.421052631578947
Kwg	304	Kwg0	64	25	0.0666666666666667
Kwg	304	Kwg1	75	39	0.266666666666667
Kwg	304	Kwg2	69	46	0.533333333333333
Kwg	304	Kwg3	68	24	0.133333333333333
nOf	305	nOf0	24	42	0.24
nOf	305	nOf1	14	38	0.24
nOf	305	nOf2	8	47	0.16
nOf	305	nOf3	29	33	0.36
vJX	306	vJX0	26	18	0.25
vJX	306	vJX1	50	14	0.4375
vJX	306	vJX2	38	20	0.25
vJX	306	vJX3	35	29	0.0625
TNS	307	TNS0	52	33	0.307692307692308
TNS	307	TNS1	51	35	0.0769230769230769
TNS	307	TNS2	45	44	0.307692307692308
TNS	307	TNS3	52	38	0.307692307692308
gxv	308	gxv0	79	76	0.375
gxv	308	gxv1	87	60	0.3125
gxv	308	gxv2	87	76	0.1875
gxv	308	gxv3	65	76	0.125
jwq	309	jwq0	69	18	0.25
jwq	309	jwq1	89	25	0.5625
jwq	309	jwq2	74	15	0.1875
EiW	310	EiW0	52	28	0.222222222222222
EiW	310	EiW1	71	34	0.333333333333333
EiW	310	EiW2	63	37	0.444444444444444
TNJ	311	TNJ0	55	47	0.5
TNJ	311	TNJ1	59	37	0.5
SKv	312	SKv0	46	65	0.5
SKv	312	SKv1	62	73	0.5
BsN	313	BsN0	52	50	0.153846153846154
BsN	313	BsN1	42	46	0.692307692307692
BsN	313	BsN2	57	39	0.153846153846154
KaU	314	KaU0	35	25	0.241379310344828
KaU	314	KaU1	48	25	0.275862068965517
KaU	314	KaU2	56	30	0.310344827586207
KaU	314	KaU3	61	27	0.172413793103448
YzC	315	YzC0	2	30	0.375
YzC	315	YzC1	28	32	0.0416666666666667
YzC	315	YzC2	26	44	0.25
YzC	315	YzC3	10	24	0.333333333333333
CZQ	316	CZQ0	23	59	0.0625
CZQ	316	CZQ1	23	76	0.25
CZQ	316	CZQ2	28	70	0.4375
CZQ	316	CZQ3	9	63	0.25
SXc	317	SXc0	67	51	0.333333333333333
SXc	317	SXc1	65	68	0.666666666666667
Wfx	318	Wfx0	60	95	0.176470588235294
Wfx	318	Wfx1	57	66	0.294117647058824
Wfx	318	Wfx2	65	73	0.529411764705882
hfC	319	hfC0	59	80	0.222222222222222
hfC	319	hfC1	43	71	0.444444444444444
hfC	319	hfC2	43	67	0.333333333333333
tmw	320	tmw0	15	67	0.1875
tmw	320	tmw1	23	60	0.5625
tmw	320	tmw2	25	57	0.25
wNX	321	wNX0	31	23	0.142857142857143
wNX	321	wNX1	26	23	0.285714285714286
wNX	321	wNX2	50	36	0.571428571428571
QaW	322	QaW0	45	49	0.444444444444444
QaW	322	QaW1	52	55	0.166666666666667
QaW	322	QaW2	47	53	0.388888888888889
pnv	323	pnv0	66	15	0.368421052631579
pnv	323	pnv1	71	21	0.263157894736842
pnv	323	pnv2	69	6	0.368421052631579
wQN	324	wQN0	34	69	0.25
wQN	324	wQN1	16	84	0.75
rQt	325	rQt0	32	48	0.473684210526316
rQt	325	rQt1	29	27	0.0526315789473684
rQt	325	rQt2	46	44	0.473684210526316
UXT	326	UXT0	74	27	0.0769230769230769
UXT	326	UXT1	65	37	0.230769230769231
UXT	326	UXT2	89	21	0.384615384615385
UXT	326	UXT3	68	34	0.307692307692308
ptd	327	ptd0	49	71	0.545454545454545
ptd	327	ptd1	46	64	0.454545454545455
KAV	328	KAV0	36	21	0.411764705882353
KAV	328	KAV1	51	39	0.294117647058824
KAV	328	KAV2	32	30	0.294117647058824
juo	329	juo0	20	57	0.0833333333333333
juo	329	juo1	43	78	0.5
juo	329	juo2	34	62	0.416666666666667
Tjc	330	Tjc0	39	81	0.0714285714285714
Tjc	330	Tjc1	53	73	0.285714285714286
Tjc	330	Tjc2	37	77	0.642857142857143
eLN	331	eLN0	72	88	0.315789473684211
eLN	331	eLN1	72	83	0.421052631578947
eLN	331	eLN2	67	84	0.105263157894737
eLN	331	eLN3	68	89	0.157894736842105
pFi	332	pFi0	79	38	0.5
pFi	332	pFi1	65	55	0.25
pFi	332	pFi2	57	61	0.25
MZB	333	MZB0	40	44	0.0625
MZB	333	MZB1	28	49	0.5625
MZB	333	MZB2	24	56	0.375
ToF	334	ToF0	76	40	0.75
ToF	334	ToF1	73	36	0.25
QND	335	QND0	46	6	0.125
QND	335	QND1	44	32	0.375
QND	335	QND2	37	31	0.5
LgH	336	LgH0	48	33	0.304347826086957
LgH	336	LgH1	49	29	0.217391304347826
LgH	336	LgH2	36	29	0.260869565217391
LgH	336	LgH3	45	35	0.217391304347826
BOA	337	BOA0	75	80	0.266666666666667
BOA	337	BOA1	77	75	0.2
BOA	337	BOA2	59	66	0.533333333333333
Rfb	338	Rfb0	65	55	0.0909090909090909
Rfb	338	Rfb1	59	53	0.636363636363636
Rfb	338	Rfb2	46	53	0.272727272727273
oFT	339	oFT0	16	91	0.242424242424242
oFT	339	oFT1	36	91	0.272727272727273
oFT	339	oFT2	33	81	0.242424242424242
oFT	339	oFT3	31	78	0.242424242424242
HWo	340	HWo0	63	26	0.310344827586207
HWo	340	HWo1	64	40	0.172413793103448
HWo	340	HWo2	64	39	0.275862068965517
HWo	340	HWo3	70	39	0.241379310344828
UrR	341	UrR0	63	18	0.3125
UrR	341	UrR1	60	4	0.5
UrR	341	UrR2	40	16	0.1875
xug	342	xug0	62	10	0.818181818181818
xug	342	xug1	77	2	0.181818181818182
tHP	343	tHP0	84	21	0.1
tHP	343	tHP1	83	44	0.9
zYS	344	zYS0	33	71	0.45
zYS	344	zYS1	35	50	0.1
zYS	344	zYS2	23	76	0.45
bbr	345	bbr0	61	52	0.111111111111111
bbr	345	bbr1	67	47	0.888888888888889
mLq	346	mLq0	45	59	0.368421052631579
mLq	346	mLq1	64	72	0.105263157894737
mLq	346	mLq2	49	71	0.368421052631579
mLq	346	mLq3	36	69	0.157894736842105
VEb	347	VEb0	83	70	0.363636363636364
VEb	347	VEb1	72	68	0.636363636363636
woT	348	woT0	25	17	0.105263157894737
woT	348	woT1	9	18	0.473684210526316
woT	348	woT2	24	9	0.421052631578947
qNg	349	qNg0	22	58	0.375
qNg	349	qNg1	47	40	0.5
qNg	349	qNg2	46	60	0.125
aeA	350	aeA0	43	34	0.428571428571429
aeA	350	aeA1	56	26	0.285714285714286
aeA	350	aeA2	47	37	0.285714285714286
Tbi	351	Tbi0	66	94	0.2
Tbi	351	Tbi1	60	94	0.7
Tbi	351	Tbi2	63	82	0.1
DnN	352	DnN0	33	87	0.2
DnN	352	DnN1	16	94	0.8
Tsn	353	Tsn0	51	30	0.347826086956522
Tsn	353	Tsn1	67	13	0.260869565217391
Tsn	353	Tsn2	61	39	0.391304347826087
BsD	354	BsD0	80	55	0.5
BsD	354	BsD1	86	47	0.5
pLc	355	pLc0	65	17	0.258064516129032
pLc	355	pLc1	82	44	0.290322580645161
pLc	355	pLc2	84	24	0.258064516129032
pLc	355	pLc3	84	19	0.193548387096774
bNj	356	bNj0	41	12	0.125
bNj	356	bNj1	53	20	0.125
bNj	356	bNj2	49	5	0.4375
bNj	356	bNj3	27	14	0.3125
gOm	357	gOm0	50	26	0.105263157894737
gOm	357	gOm1	68	17	0.421052631578947
gOm	357	gOm2	58	21	0.0526315789473684
gOm	357	gOm3	47	23	0.421052631578947
ptD	358	ptD0	72	15	0.230769230769231
ptD	358	ptD1	77	13	0.307692307692308
ptD	358	ptD2	79	32	0.461538461538462
Xgg	359	Xgg0	75	43	0.4375
Xgg	359	Xgg1	64	39	0.0625
Xgg	359	Xgg2	61	53	0.5
pOV	360	pOV0	27	26	0.571428571428571
pOV	360	pOV1	32	25	0.428571428571429
ngZ	361	ngZ0	72	80	0.4
ngZ	361	ngZ1	83	95	0.3
ngZ	361	ngZ2	64	88	0.05
ngZ	361	ngZ3	89	84	0.25
LDn	362	LDn0	23	28	0.875
LDn	362	LDn1	15	21	0.125
eDd	363	eDd0	75	55	0.0588235294117647
eDd	363	eDd1	62	61	0.117647058823529
eDd	363	eDd2	60	65	0.470588235294118
eDd	363	eDd3	73	49	0.352941176470588
MiU	364	MiU0	59	90	0.222222222222222
MiU	364	MiU1	64	77	0.222222222222222
MiU	364	MiU2	56	80	0.555555555555556
bTL	365	bTL0	38	65	0.25
bTL	365	bTL1	22	49	0.25
bTL	365	bTL2	43	49	0.25
bTL	365	bTL3	25	70	0.25
uUU	366	uUU0	44	23	0.181818181818182
uUU	366	uUU1	42	39	0.818181818181818
MLG	367	MLG0	73	20	0.545454545454545
MLG	367	MLG1	68	26	0.454545454545455
GnX	368	GnX0	59	49	0.333333333333333
GnX	368	GnX1	61	37	0.5
GnX	368	GnX2	47	42	0.166666666666667
OXg	369	OXg0	46	61	0.333333333333333
OXg	369	OXg1	47	44	0.333333333333333
OXg	369	OXg2	39	39	0.333333333333333
HQy	370	HQy0	85	61	0.470588235294118
HQy	370	HQy1	88	65	0.235294117647059
HQy	370	HQy2	70	79	0.294117647058824
GGB	371	GGB0	91	19	0.454545454545455
GGB	371	GGB1	84	19	0.545454545454545
yGX	372	yGX0	24	54	0.7
yGX	372	yGX1	33	73	0.3
sod	373	sod0	20	74	0.333333333333333
sod	373	sod1	23	55	0.222222222222222
sod	373	sod2	31	68	0.333333333333333
sod	373	sod3	17	54	0.111111111111111
DRM	374	DRM0	38	65	0.416666666666667
DRM	374	DRM1	55	61	0.583333333333333
fGk	375	fGk0	24	61	0.333333333333333
fGk	375	fGk1	22	44	0.583333333333333
fGk	375	fGk2	16	65	0.0833333333333333
fmb	376	fmb0	77	29	0.318181818181818
fmb	376	fmb1	72	31	0.272727272727273
fmb	376	fmb2	77	34	0.409090909090909
yxM	377	yxM0	29	74	0.2
yxM	377	yxM1	4	73	0.4
yxM	377	yxM2	19	75	0.4
oyP	378	oyP0	38	71	0.269230769230769
oyP	378	oyP1	36	95	0.346153846153846
oyP	378	oyP2	37	81	0.346153846153846
oyP	378	oyP3	24	87	0.0384615384615385
icn	379	icn0	65	55	0.714285714285714
icn	379	icn1	65	37	0.285714285714286
ZWS	380	ZWS0	92	47	0.260869565217391
ZWS	380	ZWS1	90	74	0.347826086956522
ZWS	380	ZWS2	84	60	0.391304347826087
zbD	381	zbD0	27	87	0.5
zbD	381	zbD1	42	76	0.5
HOO	382	HOO0	17	56	0.333333333333333
HOO	382	HOO1	14	41	0.666666666666667
rcP	383	rcP0	80	37	0.583333333333333
rcP	383	rcP1	78	47	0.416666666666667
gZQ	384	gZQ0	29	37	0.125
gZQ	384	gZQ1	16	39	0.3125
gZQ	384	gZQ2	31	34	0.1875
gZQ	384	gZQ3	28	25	0.375
OHV	385	OHV0	13	46	0.235294117647059
OHV	385	OHV1	34	52	0.470588235294118
OHV	385	OHV2	29	46	0.0588235294117647
OHV	385	OHV3	30	58	0.235294117647059
BXR	386	BXR0	58	70	0.384615384615385
BXR	386	BXR1	68	69	0.384615384615385
BXR	386	BXR2	47	65	0.230769230769231
aUb	387	aUb0	52	76	0.6
aUb	387	aUb1	57	77	0.0666666666666667
aUb	387	aUb2	57	63	0.333333333333333
CFE	388	CFE0	82	68	0.555555555555556
CFE	388	CFE1	77	66	0.444444444444444
EYk	389	EYk0	58	19	0.5625
EYk	389	EYk1	78	38	0.4375
ecr	390	ecr0	45	20	0.157894736842105
ecr	390	ecr1	49	29	0.368421052631579
ecr	390	ecr2	45	25	0.473684210526316
Gep	391	Gep0	14	28	0.368421052631579
Gep	391	Gep1	32	33	0.263157894736842
Gep	391	Gep2	17	11	0.157894736842105
Gep	391	Gep3	39	14	0.210526315789474
Ufx	392	Ufx0	84	87	0.266666666666667
Ufx	392	Ufx1	86	72	0.2
Ufx	392	Ufx2	71	82	0.533333333333333
Aii	393	Aii0	22	41	0.666666666666667
Aii	393	Aii1	31	25	0.333333333333333
xNZ	394	xNZ0	76	62	0.133333333333333
xNZ	394	xNZ1	71	57	0.4
xNZ	394	xNZ2	81	70	0.133333333333333
xNZ	394	xNZ3	71	77	0.333333333333333
Puq	395	Puq0	66	75	0.7
Puq	395	Puq1	46	74	0.3
pqu	396	pqu0	48	7	0.6
pqu	396	pqu1	33	25	0.4
kLB	397	kLB0	66	69	0.615384615384615
kLB	397	kLB1	69	67	0.153846153846154
kLB	397	kLB2	71	72	0.230769230769231
JJL	398	JJL0	67	26	0.444444444444444
JJL	398	JJL1	62	23	0.222222222222222
JJL	398	JJL2	71	28	0.277777777777778
JJL	398	JJL3	58	49	0.0555555555555556
xeb	399	xeb0	59	17	0.5
xeb	399	xeb1	57	15	0.5
PpN	400	PpN0	24	45	0.272727272727273
PpN	400	PpN1	26	35	0.727272727272727
LFX	401	LFX0	36	50	0.0714285714285714
LFX	401	LFX1	54	75	0.5
LFX	401	LFX2	25	50	0.214285714285714
LFX	401	LFX3	28	72	0.214285714285714
xCj	402	xCj0	22	76	0.0714285714285714
xCj	402	xCj1	21	72	0.357142857142857
xCj	402	xCj2	16	62	0.571428571428571
RDC	403	RDC0	20	14	0.291666666666667
RDC	403	RDC1	7	6	0.375
RDC	403	RDC2	13	26	0.25
RDC	403	RDC3	9	11	0.0833333333333333
QcG	404	QcG0	8	23	0.444444444444444
QcG	404	QcG1	20	25	0.0555555555555556
QcG	404	QcG2	35	31	0.5
ihr	405	ihr0	74	58	0.210526315789474
ihr	405	ihr1	67	67	0.210526315789474
ihr	405	ihr2	90	55	0.421052631578947
ihr	405	ihr3	88	65	0.157894736842105
PXu	406	PXu0	86	82	0.727272727272727
PXu	406	PXu1	88	69	0.272727272727273
fPj	407	fPj0	86	72	0.3125
fPj	407	fPj1	67	65	0.3125
fPj	407	fPj2	83	70	0.375
gnV	408	gnV0	68	33	0.466666666666667
gnV	408	gnV1	66	56	0.533333333333333
cye	409	cye0	27	58	0.45
cye	409	cye1	19	75	0.3
cye	409	cye2	36	75	0.2
cye	409	cye3	18	81	0.05
gCA	410	gCA0	94	70	0.285714285714286
gCA	410	gCA1	75	58	0.0714285714285714
gCA	410	gCA2	71	66	0.142857142857143
gCA	410	gCA3	69	72	0.5
OEa	411	OEa0	67	26	0.444444444444444
OEa	411	OEa1	88	29	0.388888888888889
OEa	411	OEa2	90	7	0.166666666666667
YVS	412	YVS0	34	50	0.291666666666667
YVS	412	YVS1	20	60	0.25
YVS	412	YVS2	19	47	0.208333333333333
YVS	412	YVS3	34	66	0.25
FaP	413	FaP0	69	61	0.6
FaP	413	FaP1	42	35	0.2
FaP	413	FaP2	66	58	0.2
mmA	414	mmA0	30	23	0.363636363636364
mmA	414	mmA1	46	23	0.181818181818182
mmA	414	mmA2	40	47	0.136363636363636
mmA	414	mmA3	32	52	0.318181818181818
HkY	415	HkY0	22	29	0.45
HkY	415	HkY1	8	25	0.2
HkY	415	HkY2	32	20	0.05
HkY	415	HkY3	22	32	0.3
NTs	416	NTs0	16	88	0.333333333333333
NTs	416	NTs1	27	71	0.333333333333333
NTs	416	NTs2	14	94	0.333333333333333
CxG	417	CxG0	52	25	0.409090909090909
CxG	417	CxG1	48	44	0.318181818181818
CxG	417	CxG2	51	36	0.272727272727273
FKW	418	FKW0	70	88	0.4
FKW	418	FKW1	75	73	0.466666666666667
FKW	418	FKW2	75	86	0.133333333333333
ZAW	419	ZAW0	65	24	0.0416666666666667
ZAW	419	ZAW1	61	7	0.25
ZAW	419	ZAW2	66	23	0.333333333333333
ZAW	419	ZAW3	48	31	0.375
aGZ	420	aGZ0	16	70	0.5
aGZ	420	aGZ1	30	90	0.5
uFp	421	uFp0	90	17	0.4375
uFp	421	uFp1	69	31	0.125
uFp	421	uFp2	79	34	0.4375
zfd	422	zfd0	85	77	0.111111111111111
zfd	422	zfd1	73	79	0.888888888888889
siK	423	siK0	38	40	0.333333333333333
siK	423	siK1	21	56	0.2
siK	423	siK2	39	43	0.466666666666667
rgr	424	rgr0	55	29	0.8
rgr	424	rgr1	50	30	0.2
FzJ	425	FzJ0	53	85	0.2
FzJ	425	FzJ1	61	81	0.8
uES	426	uES0	57	4	0.125
uES	426	uES1	46	29	0.625
uES	426	uES2	39	31	0.25
TJb	427	TJb0	37	27	0.304347826086957
TJb	427	TJb1	40	55	0.173913043478261
TJb	427	TJb2	14	54	0.260869565217391
TJb	427	TJb3	38	30	0.260869565217391
CVO	428	CVO0	52	72	0.222222222222222
CVO	428	CVO1	65	48	0.0555555555555556
CVO	428	CVO2	69	58	0.444444444444444
CVO	428	CVO3	48	64	0.277777777777778
mBp	429	mBp0	81	17	0.3
mBp	429	mBp1	85	39	0.5
mBp	429	mBp2	89	17	0.2
Lsh	430	Lsh0	43	61	0.315789473684211
Lsh	430	Lsh1	21	73	0.421052631578947
Lsh	430	Lsh2	36	58	0.210526315789474
Lsh	430	Lsh3	30	76	0.0526315789473684
YLt	431	YLt0	63	64	0.777777777777778
YLt	431	YLt1	61	46	0.222222222222222
ymi	432	ymi0	52	84	0.315789473684211
ymi	432	ymi1	61	73	0.157894736842105
ymi	432	ymi2	52	67	0.157894736842105
ymi	432	ymi3	72	69	0.368421052631579
VWg	433	VWg0	39	38	0.2
VWg	433	VWg1	25	50	0.25
VWg	433	VWg2	34	61	0.15
VWg	433	VWg3	36	42	0.4
Ybv	434	Ybv0	73	86	0.4375
Ybv	434	Ybv1	49	89	0.5
Ybv	434	Ybv2	56	81	0.0625
yZu	435	yZu0	77	29	0.1
yZu	435	yZu1	68	17	0.3
yZu	435	yZu2	75	11	0.2
yZu	435	yZu3	74	27	0.4
CtV	436	CtV0	84	65	0.375
CtV	436	CtV1	70	55	0.291666666666667
CtV	436	CtV2	85	71	0.333333333333333
baB	437	baB0	18	36	0.0869565217391304
baB	437	baB1	8	24	0.347826086956522
baB	437	baB2	15	15	0.391304347826087
baB	437	baB3	31	10	0.173913043478261
Ypb	438	Ypb0	13	75	0.454545454545455
Ypb	438	Ypb1	27	61	0.545454545454545
gEJ	439	gEJ0	65	42	0.529411764705882
gEJ	439	gEJ1	53	33	0.470588235294118
QSc	440	QSc0	55	32	0.333333333333333
QSc	440	QSc1	40	17	0.238095238095238
QSc	440	QSc2	40	20	0.238095238095238
QSc	440	QSc3	60	16	0.19047619047619
oWq	441	oWq0	66	73	0.625
oWq	441	oWq1	64	76	0.375
afi	442	afi0	7	44	0.571428571428571
afi	442	afi1	21	57	0.0714285714285714
afi	442	afi2	23	51	0.0714285714285714
afi	442	afi3	11	60	0.285714285714286
pNc	443	pNc0	74	23	0.125
pNc	443	pNc1	52	42	0.875
wCz	444	wCz0	26	31	0.4
wCz	444	wCz1	25	13	0.6
LJV	445	LJV0	68	68	0.333333333333333
LJV	445	LJV1	78	73	0.0555555555555556
LJV	445	LJV2	64	92	0.388888888888889
LJV	445	LJV3	56	82	0.222222222222222
OoP	446	OoP0	33	49	0.4
OoP	446	OoP1	9	35	0.6
Gsq	447	Gsq0	39	93	0.5
Gsq	447	Gsq1	34	88	0.5
KBV	448	KBV0	75	79	0.1
KBV	448	KBV1	56	59	0.3
KBV	448	KBV2	70	72	0.4
KBV	448	KBV3	74	62	0.2
FJQ	449	FJQ0	73	46	0.368421052631579
FJQ	449	FJQ1	62	55	0.421052631578947
FJQ	449	FJQ2	68	33	0.210526315789474
gBg	450	gBg0	20	72	0.214285714285714
gBg	450	gBg1	16	67	0.357142857142857
gBg	450	gBg2	15	92	0.428571428571429
VsS	451	VsS0	59	31	0.466666666666667
VsS	451	VsS1	47	45	0.266666666666667
VsS	451	VsS2	65	34	0.266666666666667
btL	452	btL0	82	38	0.19047619047619
btL	452	btL1	62	36	0.428571428571429
btL	452	btL2	70	39	0.380952380952381
fNh	453	fNh0	57	59	0.105263157894737
fNh	453	fNh1	42	61	0.421052631578947
fNh	453	fNh2	58	76	0.473684210526316
MnR	454	MnR0	78	65	0.380952380952381
MnR	454	MnR1	77	79	0.19047619047619
MnR	454	MnR2	75	57	0.428571428571429
RxQ	455	RxQ0	62	62	0.409090909090909
RxQ	455	RxQ1	58	63	0.0909090909090909
RxQ	455	RxQ2	47	65	0.272727272727273
RxQ	455	RxQ3	59	77	0.227272727272727
aXj	456	aXj0	49	83	0.0769230769230769
aXj	456	aXj1	63	91	0.384615384615385
aXj	456	aXj2	53	78	0.0769230769230769
aXj	456	aXj3	54	74	0.461538461538462
Fcx	457	Fcx0	24	75	0.260869565217391
Fcx	457	Fcx1	28	82	0.130434782608696
Fcx	457	Fcx2	10	69	0.304347826086957
Fcx	457	Fcx3	24	81	0.304347826086957
dix	458	dix0	27	89	0.304347826086957
dix	458	dix1	28	68	0.173913043478261
dix	458	dix2	28	91	0.260869565217391
dix	458	dix3	15	97	0.260869565217391
Arp	459	Arp0	12	21	0.5625
Arp	459	Arp1	32	31	0.1875
Arp	459	Arp2	28	24	0.25
Fvw	460	Fvw0	9	90	0.176470588235294
Fvw	460	Fvw1	27	82	0.470588235294118
Fvw	460	Fvw2	5	83	0.352941176470588
RqA	461	RqA0	64	29	0.142857142857143
RqA	461	RqA1	57	30	0.857142857142857
HQR	462	HQR0	22	81	0.25
HQR	462	HQR1	32	56	0.75
JUq	463	JUq0	66	65	0.105263157894737
JUq	463	JUq1	95	68	0.157894736842105
JUq	463	JUq2	91	73	0.263157894736842
JUq	463	JUq3	80	72	0.473684210526316
Nms	464	Nms0	57	39	0.416666666666667
Nms	464	Nms1	50	23	0.583333333333333
TSU	465	TSU0	72	46	0.266666666666667
TSU	465	TSU1	90	43	0.2
TSU	465	TSU2	77	54	0.266666666666667
TSU	465	TSU3	69	51	0.266666666666667
FaO	466	FaO0	46	7	0.5
FaO	466	FaO1	22	34	0.5
tem	467	tem0	15	81	0.333333333333333
tem	467	tem1	27	77	0.5
tem	467	tem2	32	71	0.166666666666667
PSB	468	PSB0	55	46	0.470588235294118
PSB	468	PSB1	72	66	0.117647058823529
PSB	468	PSB2	70	68	0.411764705882353
joj	469	joj0	26	74	0.238095238095238
joj	469	joj1	33	73	0.285714285714286
joj	469	joj2	23	65	0.380952380952381
joj	469	joj3	22	74	0.0952380952380952
Fzm	470	Fzm0	73	14	0.35
Fzm	470	Fzm1	58	18	0.15
Fzm	470	Fzm2	73	6	0.4
Fzm	470	Fzm3	74	10	0.1
xpO	471	xpO0	69	57	0.714285714285714
xpO	471	xpO1	87	77	0.285714285714286
CXa	472	CXa0	9	39	0.285714285714286
CXa	472	CXa1	26	50	0.285714285714286
CXa	472	CXa2	23	53	0.0476190476190476
CXa	472	CXa3	25	37	0.380952380952381
UwR	473	UwR0	23	65	0.35
UwR	473	UwR1	35	39	0.35
UwR	473	UwR2	25	49	0.3
xCE	474	xCE0	66	23	0.103448275862069
xCE	474	xCE1	78	13	0.275862068965517
xCE	474	xCE2	73	21	0.310344827586207
xCE	474	xCE3	54	6	0.310344827586207
urr	475	urr0	8	48	0.3
urr	475	urr1	30	37	0.35
urr	475	urr2	15	50	0.35
voi	476	voi0	49	77	0.1
voi	476	voi1	36	69	0.4
voi	476	voi2	54	90	0.5
ozs	477	ozs0	31	27	0.142857142857143
ozs	477	ozs1	40	47	0.380952380952381
ozs	477	ozs2	45	49	0.285714285714286
ozs	477	ozs3	59	28	0.19047619047619
EzZ	478	EzZ0	56	54	0.5
EzZ	478	EzZ1	74	34	0.5
ghS	479	ghS0	37	14	0.176470588235294
ghS	479	ghS1	25	12	0.294117647058824
ghS	479	ghS2	21	6	0.529411764705882
LJf	480	LJf0	11	72	0.35
LJf	480	LJf1	30	73	0.2
LJf	480	LJf2	8	75	0.45
WnY	481	WnY0	74	44	0.636363636363636
WnY	481	WnY1	85	65	0.363636363636364
GRk	482	GRk0	12	52	0.5
GRk	482	GRk1	18	37	0.5
qjg	483	qjg0	24	78	0.214285714285714
qjg	483	qjg1	32	95	0.428571428571429
qjg	483	qjg2	17	84	0.357142857142857
hUb	484	hUb0	68	56	0.416666666666667
hUb	484	hUb1	54	81	0.583333333333333
Khp	485	Khp0	48	6	0.538461538461538
Khp	485	Khp1	36	28	0.307692307692308
Khp	485	Khp2	42	20	0.153846153846154
ntz	486	ntz0	19	52	0.272727272727273
ntz	486	ntz1	38	59	0.727272727272727
aGu	487	aGu0	61	32	0.333333333333333
aGu	487	aGu1	46	33	0.111111111111111
aGu	487	aGu2	59	28	0.388888888888889
aGu	487	aGu3	68	17	0.166666666666667
MGw	488	MGw0	77	59	0.5
MGw	488	MGw1	76	64	0.5
nuz	489	nuz0	60	51	0.583333333333333
nuz	489	nuz1	61	47	0.25
nuz	489	nuz2	71	50	0.166666666666667
SBb	490	SBb0	79	33	0.583333333333333
SBb	490	SBb1	75	38	0.416666666666667
xMn	491	xMn0	50	51	0.636363636363636
xMn	491	xMn1	49	31	0.363636363636364
SUG	492	SUG0	91	37	0.0588235294117647
SUG	492	SUG1	93	39	0.529411764705882
SUG	492	SUG2	94	32	0.411764705882353
isV	493	isV0	39	39	0.5
isV	493	isV1	27	64	0.375
isV	493	isV2	32	42	0.125
ViN	494	ViN0	45	39	0.5
ViN	494	ViN1	39	53	0.25
ViN	494	ViN2	31	56	0.25
wms	495	wms0	37	39	0.538461538461538
wms	495	wms1	34	23	0.461538461538462
dfB	496	dfB0	40	74	0.571428571428571
dfB	496	dfB1	24	72	0.214285714285714
dfB	496	dfB2	32	62	0.214285714285714
yoD	497	yoD0	38	74	0.107142857142857
yoD	497	yoD1	34	45	0.321428571428571
yoD	497	yoD2	31	71	0.25
yoD	497	yoD3	42	61	0.321428571428571
Hro	498	Hro0	39	69	0.3
Hro	498	Hro1	59	83	0.5
Hro	498	Hro2	46	70	0.2
FVY	499	FVY0	34	82	0.5
FVY	499	FVY1	37	66	0.5
RpR	500	RpR0	44	66	0.777777777777778
RpR	500	RpR1	47	61	0.222222222222222
ghp	501	ghp0	37	73	0.454545454545455
ghp	501	ghp1	41	75	0.545454545454545
xdr	502	xdr0	53	56	0.45
xdr	502	xdr1	68	47	0.45
xdr	502	xdr2	74	52	0.1
mUn	503	mUn0	22	23	0.142857142857143
mUn	503	mUn1	20	22	0.285714285714286
mUn	503	mUn2	48	42	0.321428571428571
mUn	503	mUn3	43	24	0.25
kRF	504	kRF0	60	43	0.533333333333333
kRF	504	kRF1	45	65	0.466666666666667
Ege	505	Ege0	68	78	0.318181818181818
Ege	505	Ege1	84	63	0.181818181818182
Ege	505	Ege2	93	70	0.227272727272727
Ege	505	Ege3	71	62	0.272727272727273
bMC	506	bMC0	54	32	0.571428571428571
bMC	506	bMC1	53	56	0.428571428571429
ztP	507	ztP0	22	57	0.0769230769230769
ztP	507	ztP1	13	55	0.384615384615385
ztP	507	ztP2	35	52	0.538461538461538
MmZ	508	MmZ0	34	78	0.347826086956522
MmZ	508	MmZ1	11	64	0.217391304347826
MmZ	508	MmZ2	18	80	0.217391304347826
MmZ	508	MmZ3	25	56	0.217391304347826
JoH	509	JoH0	82	0	0.125
JoH	509	JoH1	82	24	0.375
JoH	509	JoH2	86	25	0.5
PRm	510	PRm0	32	35	0.25
PRm	510	PRm1	43	42	0.75
gnn	511	gnn0	22	32	0.666666666666667
gnn	511	gnn1	36	19	0.111111111111111
gnn	511	gnn2	32	13	0.222222222222222
Yoc	512	Yoc0	65	26	0.346153846153846
Yoc	512	Yoc1	60	14	0.307692307692308
Yoc	512	Yoc2	74	10	0.346153846153846
rXU	513	rXU0	45	69	0.4375
rXU	513	rXU1	44	53	0.125
rXU	513	rXU2	45	51	0.1875
rXU	513	rXU3	50	68	0.25
fsj	514	fsj0	26	73	0.28
fsj	514	fsj1	20	70	0.28
fsj	514	fsj2	13	76	0.2
fsj	514	fsj3	11	55	0.24
OOo	515	OOo0	28	33	0.133333333333333
OOo	515	OOo1	29	28	0.266666666666667
OOo	515	OOo2	19	37	0.133333333333333
OOo	515	OOo3	44	44	0.466666666666667
fCn	516	fCn0	54	35	0.714285714285714
fCn	516	fCn1	66	40	0.142857142857143
fCn	516	fCn2	60	56	0.142857142857143
Zpd	517	Zpd0	8	40	0.318181818181818
Zpd	517	Zpd1	13	41	0.272727272727273
Zpd	517	Zpd2	13	53	0.136363636363636
Zpd	517	Zpd3	28	55	0.272727272727273
XOQ	518	XOQ0	81	64	0.285714285714286
XOQ	518	XOQ1	73	56	0.380952380952381
XOQ	518	XOQ2	83	62	0.333333333333333
sri	519	sri0	44	37	0.642857142857143
sri	519	sri1	29	52	0.0714285714285714
sri	519	sri2	43	35	0.285714285714286
DpH	520	DpH0	36	25	0.615384615384615
DpH	520	DpH1	35	31	0.384615384615385
xSz	521	xSz0	60	48	0.153846153846154
xSz	521	xSz1	67	60	0.230769230769231
xSz	521	xSz2	41	66	0.615384615384615
smU	522	smU0	73	61	0.6
smU	522	smU1	65	56	0.0666666666666667
smU	522	smU2	71	79	0.333333333333333
Zin	523	Zin0	33	51	0.307692307692308
Zin	523	Zin1	57	25	0.692307692307692
eRX	524	eRX0	49	64	0.363636363636364
eRX	524	eRX1	45	47	0.636363636363636
sVZ	525	sVZ0	6	79	0.5
sVZ	525	sVZ1	9	76	0.5
Nfm	526	Nfm0	31	82	0.235294117647059
Nfm	526	Nfm1	13	77	0.235294117647059
Nfm	526	Nfm2	26	82	0.176470588235294
Nfm	526	Nfm3	16	91	0.352941176470588
YjZ	527	YjZ0	21	57	0.176470588235294
YjZ	527	YjZ1	20	58	0.529411764705882
YjZ	527	YjZ2	43	31	0.294117647058824
puo	528	puo0	68	25	0.272727272727273
puo	528	puo1	71	36	0.0909090909090909
puo	528	puo2	59	16	0.409090909090909
puo	528	puo3	57	22	0.227272727272727
RPd	529	RPd0	57	59	0.7
RPd	529	RPd1	58	48	0.3
yyF	530	yyF0	57	72	0.5
yyF	530	yyF1	45	82	0.4
yyF	530	yyF2	49	68	0.1
ZbV	531	ZbV0	55	40	0.333333333333333
ZbV	531	ZbV1	50	40	0.185185185185185
ZbV	531	ZbV2	43	36	0.259259259259259
ZbV	531	ZbV3	64	44	0.222222222222222
yKv	532	yKv0	26	86	0.5
yKv	532	yKv1	32	75	0.3
yKv	532	yKv2	18	76	0.2
vPv	533	vPv0	49	66	0.2
vPv	533	vPv1	29	56	0.3
vPv	533	vPv2	33	57	0.2
vPv	533	vPv3	38	57	0.3
uwJ	534	uwJ0	64	60	0.166666666666667
uwJ	534	uwJ1	77	80	0.75
uwJ	534	uwJ2	53	66	0.0833333333333333
qbv	535	qbv0	31	71	0.333333333333333
qbv	535	qbv1	27	72	0.666666666666667
Utd	536	Utd0	38	37	0.75
Utd	536	Utd1	36	52	0.166666666666667
Utd	536	Utd2	50	37	0.0833333333333333
WjG	537	WjG0	45	12	0.35
WjG	537	WjG1	37	28	0.35
WjG	537	WjG2	55	7	0.3
MvQ	538	MvQ0	89	32	0.388888888888889
MvQ	538	MvQ1	85	41	0.444444444444444
MvQ	538	MvQ2	82	15	0.166666666666667
nTk	539	nTk0	41	26	0.4
nTk	539	nTk1	28	17	0.0666666666666667
nTk	539	nTk2	18	21	0.533333333333333
wOg	540	wOg0	85	55	0.642857142857143
wOg	540	wOg1	63	60	0.357142857142857
xcD	541	xcD0	91	65	0.428571428571429
xcD	541	xcD1	78	55	0.571428571428571
BWi	542	BWi0	54	66	0.357142857142857
BWi	542	BWi1	54	63	0.642857142857143
Cog	543	Cog0	63	55	0.36
Cog	543	Cog1	73	59	0.32
Cog	543	Cog2	76	36	0.32
deT	544	deT0	53	58	0.235294117647059
deT	544	deT1	37	62	0.411764705882353
deT	544	deT2	51	83	0.235294117647059
deT	544	deT3	49	77	0.117647058823529
gBr	545	gBr0	28	72	0.272727272727273
gBr	545	gBr1	27	67	0.727272727272727
AQn	546	AQn0	75	48	0.533333333333333
AQn	546	AQn1	73	32	0.133333333333333
AQn	546	AQn2	80	40	0.333333333333333
pne	547	pne0	61	37	0.227272727272727
pne	547	pne1	68	46	0.181818181818182
pne	547	pne2	72	29	0.409090909090909
pne	547	pne3	72	43	0.181818181818182
xqN	548	xqN0	41	35	0.571428571428571
xqN	548	xqN1	52	40	0.428571428571429
NHZ	549	NHZ0	60	14	0.214285714285714
NHZ	549	NHZ1	85	43	0.642857142857143
NHZ	549	NHZ2	63	29	0.142857142857143
rwL	550	rwL0	82	18	0.333333333333333
rwL	550	rwL1	76	25	0.5
rwL	550	rwL2	69	32	0.0555555555555556
rwL	550	rwL3	89	18	0.111111111111111
RJK	551	RJK0	84	43	0.05
RJK	551	RJK1	67	28	0.15
RJK	551	RJK2	63	43	0.35
RJK	551	RJK3	75	34	0.45
UbT	552	UbT0	42	83	0.25
UbT	552	UbT1	31	62	0.125
UbT	552	UbT2	33	67	0.625
ehF	553	ehF0	2	69	0.0555555555555556
ehF	553	ehF1	9	51	0.444444444444444
ehF	553	ehF2	25	51	0.5
PYD	554	PYD0	65	77	0.625
PYD	554	PYD1	81	82	0.25
PYD	554	PYD2	64	72	0.125
iGa	555	iGa0	51	50	0.318181818181818
iGa	555	iGa1	47	57	0.272727272727273
iGa	555	iGa2	44	47	0.409090909090909
iQa	556	iQa0	43	76	0.333333333333333
iQa	556	iQa1	63	62	0.444444444444444
iQa	556	iQa2	44	80	0.222222222222222
FYs	557	FYs0	67	20	0.222222222222222
FYs	557	FYs1	51	28	0.333333333333333
FYs	557	FYs2	78	41	0.444444444444444
iQY	558	iQY0	77	76	0.3125
iQY	558	iQY1	71	80	0.5625
iQY	558	iQY2	65	63	0.125
suQ	559	suQ0	94	68	0.357142857142857
suQ	559	suQ1	79	54	0.0714285714285714
suQ	559	suQ2	98	61	0.428571428571429
suQ	559	suQ3	86	70	0.142857142857143
tXO	560	tXO0	71	91	0.454545454545455
tXO	560	tXO1	75	88	0.545454545454545
EJU	561	EJU0	59	81	0.636363636363636
EJU	561	EJU1	48	56	0.363636363636364
Yti	562	Yti0	53	89	0.347826086956522
Yti	562	Yti1	53	90	0.304347826086957
Yti	562	Yti2	42	77	0.347826086956522
jDg	563	jDg0	28	49	0.636363636363636
jDg	563	jDg1	15	56	0.363636363636364
ehr	564	ehr0	25	88	0.692307692307692
ehr	564	ehr1	16	60	0.307692307692308
zEV	565	zEV0	12	20	0.142857142857143
zEV	565	zEV1	34	19	0.285714285714286
zEV	565	zEV2	21	24	0.357142857142857
zEV	565	zEV3	22	7	0.214285714285714
zMf	566	zMf0	34	56	0.3
zMf	566	zMf1	29	62	0.7
pmn	567	pmn0	22	51	0.210526315789474
pmn	567	pmn1	43	37	0.315789473684211
pmn	567	pmn2	31	49	0.473684210526316
HaN	568	HaN0	29	79	0.375
HaN	568	HaN1	46	90	0.625
ipd	569	ipd0	43	24	0.0833333333333333
ipd	569	ipd1	24	41	0.5
ipd	569	ipd2	42	24	0.416666666666667
pkc	570	pkc0	86	16	0.1
pkc	570	pkc1	79	10	0.7
pkc	570	pkc2	78	30	0.2
gKh	571	gKh0	62	39	0.130434782608696
gKh	571	gKh1	52	35	0.173913043478261
gKh	571	gKh2	53	57	0.347826086956522
gKh	571	gKh3	53	39	0.347826086956522
UeN	572	UeN0	51	84	0.533333333333333
UeN	572	UeN1	60	62	0.4
UeN	572	UeN2	50	82	0.0666666666666667
bPy	573	bPy0	69	76	0.28125
bPy	573	bPy1	74	88	0.21875
bPy	573	bPy2	86	87	0.21875
bPy	573	bPy3	85	92	0.28125
Dmq	574	Dmq0	69	60	0.166666666666667
Dmq	574	Dmq1	79	74	0.666666666666667
Dmq	574	Dmq2	60	55	0.166666666666667
crw	575	crw0	55	64	0.2
crw	575	crw1	63	52	0.333333333333333
crw	575	crw2	67	69	0.466666666666667
EmJ	576	EmJ0	34	43	0.1
EmJ	576	EmJ1	44	43	0.7
EmJ	576	EmJ2	30	39	0.1
EmJ	576	EmJ3	16	66	0.1
Gqx	577	Gqx0	10	22	0.25
Gqx	577	Gqx1	27	33	0.25
Gqx	577	Gqx2	4	36	0.25
Gqx	577	Gqx3	18	29	0.25
nDL	578	nDL0	67	64	0.25
nDL	578	nDL1	73	47	0.4
nDL	578	nDL2	67	59	0.35
jEv	579	jEv0	75	65	0.166666666666667
jEv	579	jEv1	71	65	0.222222222222222
jEv	579	jEv2	74	46	0.388888888888889
jEv	579	jEv3	51	61	0.222222222222222
rNA	580	rNA0	37	76	0.416666666666667
rNA	580	rNA1	51	86	0.25
rNA	580	rNA2	60	84	0.166666666666667
rNA	580	rNA3	37	78	0.166666666666667
FDM	581	FDM0	55	67	0.125
FDM	581	FDM1	64	69	0.875
oKh	582	oKh0	58	48	0.157894736842105
oKh	582	oKh1	63	71	0.0526315789473684
oKh	582	oKh2	44	45	0.315789473684211
oKh	582	oKh3	38	70	0.473684210526316
vsh	583	vsh0	35	47	0.1
vsh	583	vsh1	34	55	0.9
fFJ	584	fFJ0	76	57	0.0909090909090909
fFJ	584	fFJ1	54	52	0.818181818181818
fFJ	584	fFJ2	65	58	0.0909090909090909
FVF	585	FVF0	20	25	0.238095238095238
FVF	585	FVF1	12	25	0.428571428571429
FVF	585	FVF2	20	29	0.333333333333333
qNq	586	qNq0	60	33	0.0476190476190476
qNq	586	qNq1	65	25	0.285714285714286
qNq	586	qNq2	74	40	0.428571428571429
qNq	586	qNq3	87	40	0.238095238095238
gRG	587	gRG0	75	61	0.533333333333333
gRG	587	gRG1	46	71	0.466666666666667
nSR	588	nSR0	35	81	0.125
nSR	588	nSR1	40	55	0.125
nSR	588	nSR2	44	71	0.375
nSR	588	nSR3	49	54	0.375
dtj	589	dtj0	52	32	0.125
dtj	589	dtj1	54	42	0.125
dtj	589	dtj2	75	37	0.75
Wek	590	Wek0	74	10	0.272727272727273
Wek	590	Wek1	55	30	0.0909090909090909
Wek	590	Wek2	73	13	0.363636363636364
Wek	590	Wek3	50	13	0.272727272727273
wZH	591	wZH0	27	79	0.181818181818182
wZH	591	wZH1	29	55	0.272727272727273
wZH	591	wZH2	28	65	0.272727272727273
wZH	591	wZH3	45	65	0.272727272727273
kfO	592	kfO0	73	63	0.25
kfO	592	kfO1	80	62	0.75
cqL	593	cqL0	53	28	0.333333333333333
cqL	593	cqL1	52	48	0.19047619047619
cqL	593	cqL2	31	50	0.142857142857143
cqL	593	cqL3	54	49	0.333333333333333
xkA	594	xkA0	10	79	0.545454545454545
xkA	594	xkA1	22	82	0.454545454545455
GSs	595	GSs0	53	36	0.153846153846154
GSs	595	GSs1	31	32	0.307692307692308
GSs	595	GSs2	37	56	0.538461538461538
NOZ	596	NOZ0	90	56	0.2
NOZ	596	NOZ1	71	72	0.466666666666667
NOZ	596	NOZ2	91	73	0.333333333333333
Dqx	597	Dqx0	63	55	0.25
Dqx	597	Dqx1	41	47	0.333333333333333
Dqx	597	Dqx2	49	70	0.166666666666667
Dqx	597	Dqx3	41	52	0.25
enh	598	enh0	47	37	0.296296296296296
enh	598	enh1	34	38	0.185185185185185
enh	598	enh2	44	29	0.296296296296296
enh	598	enh3	52	20	0.222222222222222
JLB	599	JLB0	78	22	0.0909090909090909
JLB	599	JLB1	92	21	0.0909090909090909
JLB	599	JLB2	96	44	0.818181818181818
wJG	600	wJG0	48	97	0.181818181818182
wJG	600	wJG1	30	88	0.818181818181818
bXz	601	bXz0	7	37	0.333333333333333
bXz	601	bXz1	22	43	0.166666666666667
bXz	601	bXz2	30	26	0.111111111111111
bXz	601	bXz3	17	31	0.388888888888889
fxh	602	fxh0	61	38	0.142857142857143
fxh	602	fxh1	52	46	0.380952380952381
fxh	602	fxh2	41	41	0.19047619047619
fxh	602	fxh3	54	48	0.285714285714286
MZg	603	MZg0	61	15	0.0769230769230769
MZg	603	MZg1	57	1	0.230769230769231
MZg	603	MZg2	51	15	0.692307692307692
JUE	604	JUE0	11	56	0.714285714285714
JUE	604	JUE1	31	34	0.285714285714286
rsi	605	rsi0	27	3	0.272727272727273
rsi	605	rsi1	29	12	0.363636363636364
rsi	605	rsi2	5	17	0.363636363636364
qvD	606	qvD0	53	45	0.454545454545455
qvD	606	qvD1	59	43	0.545454545454545
RDA	607	RDA0	15	83	0.5
RDA	607	RDA1	10	85	0.285714285714286
RDA	607	RDA2	24	60	0.214285714285714
YTO	608	YTO0	60	51	0.545454545454545
YTO	608	YTO1	59	30	0.454545454545455
WEg	609	WEg0	2	73	0.5
WEg	609	WEg1	13	83	0.0833333333333333
WEg	609	WEg2	7	68	0.416666666666667
nYB	610	nYB0	83	77	0.157894736842105
nYB	610	nYB1	74	78	0.421052631578947
nYB	610	nYB2	81	69	0.263157894736842
nYB	610	nYB3	81	62	0.157894736842105
Hpz	611	Hpz0	28	39	0.7
Hpz	611	Hpz1	24	40	0.3
ujW	612	ujW0	13	49	0.380952380952381
ujW	612	ujW1	25	42	0.380952380952381
ujW	612	ujW2	23	45	0.238095238095238
SyR	613	SyR0	24	26	0.545454545454545
SyR	613	SyR1	29	47	0.454545454545455
pnn	614	pnn0	49	72	0.272727272727273
pnn	614	pnn1	47	90	0.727272727272727
sti	615	sti0	93	42	0.333333333333333
sti	615	sti1	77	53	0.380952380952381
sti	615	sti2	95	48	0.0952380952380952
sti	615	sti3	89	36	0.19047619047619
BWQ	616	BWQ0	57	15	0.7
BWQ	616	BWQ1	40	39	0.3
oEx	617	oEx0	36	70	0.210526315789474
oEx	617	oEx1	22	66	0.368421052631579
oEx	617	oEx2	30	73	0.421052631578947
LvW	618	LvW0	61	40	0.409090909090909
LvW	618	LvW1	53	47	0.136363636363636
LvW	618	LvW2	56	42	0.363636363636364
LvW	618	LvW3	45	47	0.0909090909090909
Jgk	619	Jgk0	82	41	0.533333333333333
Jgk	619	Jgk1	80	33	0.333333333333333
Jgk	619	Jgk2	76	39	0.133333333333333
RRQ	620	RRQ0	67	78	0.333333333333333
RRQ	620	RRQ1	69	89	0.666666666666667
eVw	621	eVw0	74	45	0.363636363636364
eVw	621	eVw1	71	41	0.636363636363636
xmC	622	xmC0	19	52	0.0909090909090909
xmC	622	xmC1	23	81	0.318181818181818
xmC	622	xmC2	18	59	0.409090909090909
xmC	622	xmC3	34	71	0.181818181818182
sLt	623	sLt0	17	89	0.285714285714286
sLt	623	sLt1	22	66	0.238095238095238
sLt	623	sLt2	24	69	0.238095238095238
sLt	623	sLt3	11	74	0.238095238095238
Dot	624	Dot0	41	84	0.4
Dot	624	Dot1	59	70	0.6
haz	625	haz0	19	27	0.5
haz	625	haz1	24	29	0.5
kEu	626	kEu0	20	53	0.133333333333333
kEu	626	kEu1	23	72	0.6
kEu	626	kEu2	21	74	0.266666666666667
OQn	627	OQn0	70	43	0.5
OQn	627	OQn1	58	38	0.5
OyD	628	OyD0	28	49	0.555555555555556
OyD	628	OyD1	23	49	0.444444444444444
Tcv	629	Tcv0	73	66	0.473684210526316
Tcv	629	Tcv1	56	50	0.210526315789474
Tcv	629	Tcv2	66	68	0.105263157894737
Tcv	629	Tcv3	47	64	0.210526315789474
yYg	630	yYg0	62	40	0.5
yYg	630	yYg1	58	39	0.5
ccL	631	ccL0	57	80	0.888888888888889
ccL	631	ccL1	69	68	0.111111111111111
DjA	632	DjA0	59	36	0.8
DjA	632	DjA1	71	41	0.2
DGZ	633	DGZ0	59	35	0.0476190476190476
DGZ	633	DGZ1	79	33	0.238095238095238
DGZ	633	DGZ2	75	43	0.333333333333333
DGZ	633	DGZ3	66	28	0.380952380952381
cUp	634	cUp0	43	61	0.285714285714286
cUp	634	cUp1	35	71	0.571428571428571
cUp	634	cUp2	33	65	0.142857142857143
dyj	635	dyj0	67	80	0.347826086956522
dyj	635	dyj1	78	76	0.347826086956522
dyj	635	dyj2	73	72	0.304347826086957
hBE	636	hBE0	86	46	0.692307692307692
hBE	636	hBE1	84	61	0.307692307692308
wQL	637	wQL0	31	71	0.2
wQL	637	wQL1	37	83	0.45
wQL	637	wQL2	43	87	0.3
wQL	637	wQL3	31	71	0.05
jVw	638	jVw0	8	69	0.538461538461538
jVw	638	jVw1	25	67	0.461538461538462
mWy	639	mWy0	54	63	0.615384615384615
mWy	639	mWy1	72	54	0.384615384615385
Equ	640	Equ0	45	50	0.32
Equ	640	Equ1	53	60	0.04
Equ	640	Equ2	49	54	0.32
Equ	640	Equ3	52	53	0.32
nLS	641	nLS0	32	9	0.222222222222222
nLS	641	nLS1	40	25	0.777777777777778
ByW	642	ByW0	28	87	0.0588235294117647
ByW	642	ByW1	50	95	0.529411764705882
ByW	642	ByW2	30	98	0.411764705882353
aaz	643	aaz0	55	24	0.037037037037037
aaz	643	aaz1	58	10	0.333333333333333
aaz	643	aaz2	74	4	0.296296296296296
aaz	643	aaz3	77	20	0.333333333333333
wZX	644	wZX0	49	76	0.222222222222222
wZX	644	wZX1	59	77	0.777777777777778
ZJw	645	ZJw0	25	42	0.529411764705882
ZJw	645	ZJw1	39	55	0.352941176470588
ZJw	645	ZJw2	20	50	0.0588235294117647
ZJw	645	ZJw3	37	45	0.0588235294117647
PDr	646	PDr0	46	40	0.5625
PDr	646	PDr1	48	37	0.4375
gQR	647	gQR0	61	32	0.428571428571429
gQR	647	gQR1	82	52	0.571428571428571
NRQ	648	NRQ0	26	27	0.222222222222222
NRQ	648	NRQ1	38	43	0.388888888888889
NRQ	648	NRQ2	26	27	0.388888888888889
LKY	649	LKY0	35	87	0.571428571428571
LKY	649	LKY1	23	93	0.428571428571429
HaG	650	HaG0	44	30	0.5
HaG	650	HaG1	59	42	0.166666666666667
HaG	650	HaG2	44	53	0.166666666666667
HaG	650	HaG3	55	28	0.166666666666667
nVT	651	nVT0	52	17	0.3125
nVT	651	nVT1	61	26	0.1875
nVT	651	nVT2	74	40	0.5
rdp	652	rdp0	37	65	0.75
rdp	652	rdp1	57	50	0.25
TmN	653	TmN0	80	20	0.1875
TmN	653	TmN1	93	31	0.3125
TmN	653	TmN2	66	19	0.5
tBw	654	tBw0	42	61	0.75
tBw	654	tBw1	35	57	0.25
BOm	655	BOm0	9	57	0.125
BOm	655	BOm1	23	54	0.875
ses	656	ses0	36	55	0.2
ses	656	ses1	24	46	0.0666666666666667
ses	656	ses2	43	60	0.533333333333333
ses	656	ses3	22	64	0.2
PPd	657	PPd0	26	57	0.444444444444444
PPd	657	PPd1	37	50	0.333333333333333
PPd	657	PPd2	46	52	0.222222222222222
DVT	658	DVT0	57	43	0.222222222222222
DVT	658	DVT1	51	30	0.277777777777778
DVT	658	DVT2	31	47	0.5
tRN	659	tRN0	45	39	0.777777777777778
tRN	659	tRN1	34	34	0.222222222222222
aed	660	aed0	24	77	0.111111111111111
aed	660	aed1	32	82	0.777777777777778
aed	660	aed2	20	92	0.111111111111111
JZP	661	JZP0	39	33	0.166666666666667
JZP	661	JZP1	38	48	0.166666666666667
JZP	661	JZP2	54	42	0.444444444444444
JZP	661	JZP3	35	54	0.222222222222222
VVs	662	VVs0	72	76	0.166666666666667
VVs	662	VVs1	75	63	0.277777777777778
VVs	662	VVs2	70	57	0.5
VVs	662	VVs3	65	47	0.0555555555555556
bLK	663	bLK0	64	40	0.461538461538462
bLK	663	bLK1	44	56	0.153846153846154
bLK	663	bLK2	45	53	0.153846153846154
bLK	663	bLK3	45	57	0.230769230769231
zRM	664	zRM0	95	53	0.5
zRM	664	zRM1	97	28	0.166666666666667
zRM	664	zRM2	87	53	0.222222222222222
zRM	664	zRM3	70	28	0.111111111111111
nhp	665	nhp0	54	39	0.260869565217391
nhp	665	nhp1	52	48	0.391304347826087
nhp	665	nhp2	59	34	0.347826086956522
TRq	666	TRq0	52	26	0.318181818181818
TRq	666	TRq1	51	29	0.0909090909090909
TRq	666	TRq2	48	37	0.409090909090909
TRq	666	TRq3	33	41	0.181818181818182
ADX	667	ADX0	30	93	0.363636363636364
ADX	667	ADX1	44	83	0.636363636363636
cYL	668	cYL0	33	45	0.285714285714286
cYL	668	cYL1	15	33	0.333333333333333
cYL	668	cYL2	20	47	0.380952380952381
eFD	669	eFD0	93	47	0.388888888888889
eFD	669	eFD1	93	44	0.277777777777778
eFD	669	eFD2	79	63	0.333333333333333
pAa	670	pAa0	90	67	0.466666666666667
pAa	670	pAa1	79	70	0.2
pAa	670	pAa2	71	71	0.133333333333333
pAa	670	pAa3	86	94	0.2
rir	671	rir0	87	50	0.5
rir	671	rir1	80	58	0.333333333333333
rir	671	rir2	90	55	0.166666666666667
dCo	672	dCo0	77	36	0.238095238095238
dCo	672	dCo1	70	12	0.333333333333333
dCo	672	dCo2	80	21	0.238095238095238
dCo	672	dCo3	81	24	0.19047619047619
BPs	673	BPs0	64	80	0.181818181818182
BPs	673	BPs1	62	61	0.318181818181818
BPs	673	BPs2	53	67	0.181818181818182
BPs	673	BPs3	76	57	0.318181818181818
aXN	674	aXN0	18	19	0.5
aXN	674	aXN1	21	40	0.5
oPg	675	oPg0	52	26	0.291666666666667
oPg	675	oPg1	43	23	0.166666666666667
oPg	675	oPg2	67	30	0.291666666666667
oPg	675	oPg3	61	16	0.25
eAA	676	eAA0	95	50	0.363636363636364
eAA	676	eAA1	72	44	0.181818181818182
eAA	676	eAA2	69	62	0.0909090909090909
eAA	676	eAA3	68	50	0.363636363636364
Leb	677	Leb0	11	48	0.333333333333333
Leb	677	Leb1	19	32	0.19047619047619
Leb	677	Leb2	22	34	0.238095238095238
Leb	677	Leb3	28	51	0.238095238095238
zEZ	678	zEZ0	51	20	0.4375
zEZ	678	zEZ1	56	17	0.5625
nTk	679	nTk0	73	28	0.411764705882353
nTk	679	nTk1	63	30	0.0588235294117647
nTk	679	nTk2	75	42	0.529411764705882
ULs	680	ULs0	92	79	0.0625
ULs	680	ULs1	83	66	0.25
ULs	680	ULs2	80	74	0.25
ULs	680	ULs3	69	73	0.4375
sjp	681	sjp0	74	49	0.444444444444444
sjp	681	sjp1	68	23	0.166666666666667
sjp	681	sjp2	65	30	0.277777777777778
sjp	681	sjp3	65	51	0.111111111111111
teq	682	teq0	66	28	0.166666666666667
teq	682	teq1	81	16	0.25
teq	682	teq2	58	37	0.291666666666667
teq	682	teq3	68	17	0.291666666666667
sbT	683	sbT0	4	43	0.1875
sbT	683	sbT1	29	48	0.5
sbT	683	sbT2	14	34	0.3125
doc	684	doc0	10	59	0.125
doc	684	doc1	18	49	0.375
doc	684	doc2	13	59	0.25
doc	684	doc3	16	53	0.25
zVa	685	zVa0	35	42	0.2
zVa	685	zVa1	30	48	0.2
zVa	685	zVa2	39	49	0.6
DMM	686	DMM0	59	29	0.45
DMM	686	DMM1	51	28	0.2
DMM	686	DMM2	78	43	0.35
BKK	687	BKK0	70	76	0.470588235294118
BKK	687	BKK1	82	87	0.529411764705882
ArV	688	ArV0	30	22	0.214285714285714
ArV	688	ArV1	26	15	0.285714285714286
ArV	688	ArV2	39	10	0.321428571428571
ArV	688	ArV3	27	14	0.178571428571429
OvW	689	OvW0	53	74	0.130434782608696
OvW	689	OvW1	69	74	0.217391304347826
OvW	689	OvW2	48	89	0.391304347826087
OvW	689	OvW3	66	93	0.260869565217391
AVZ	690	AVZ0	41	84	0.166666666666667
AVZ	690	AVZ1	17	78	0.833333333333333
Pkm	691	Pkm0	29	42	0.5
Pkm	691	Pkm1	41	43	0.5
GxK	692	GxK0	47	58	0.6
GxK	692	GxK1	32	60	0.4
pAp	693	pAp0	65	27	0.263157894736842
pAp	693	pAp1	60	29	0.210526315789474
pAp	693	pAp2	52	15	0.368421052631579
pAp	693	pAp3	61	24	0.157894736842105
SGX	694	SGX0	34	49	0.285714285714286
SGX	694	SGX1	28	68	0.285714285714286
SGX	694	SGX2	28	60	0.428571428571429
tVy	695	tVy0	32	17	0.3
tVy	695	tVy1	40	17	0.7
gbk	696	gbk0	73	55	0.157894736842105
gbk	696	gbk1	86	47	0.473684210526316
gbk	696	gbk2	76	51	0.105263157894737
gbk	696	gbk3	68	29	0.263157894736842
JOK	697	JOK0	23	82	0.3
JOK	697	JOK1	41	62	0.1
JOK	697	JOK2	23	79	0.15
JOK	697	JOK3	39	73	0.45
uqx	698	uqx0	33	27	0.5
uqx	698	uqx1	50	22	0.0714285714285714
uqx	698	uqx2	43	15	0.428571428571429
iEk	699	iEk0	44	59	0.466666666666667
iEk	699	iEk1	46	47	0.533333333333333
yiv	700	yiv0	34	19	0.233333333333333
yiv	700	yiv1	20	12	0.3
yiv	700	yiv2	22	4	0.2
yiv	700	yiv3	23	18	0.266666666666667
fUm	701	fUm0	79	62	0.0625
fUm	701	fUm1	87	80	0.125
fUm	701	fUm2	79	77	0.3125
fUm	701	fUm3	88	78	0.5
ORo	702	ORo0	60	25	0.259259259259259
ORo	702	ORo1	53	27	0.222222222222222
ORo	702	ORo2	43	37	0.296296296296296
ORo	702	ORo3	34	42	0.222222222222222
cFe	703	cFe0	44	91	0.103448275862069
cFe	703	cFe1	35	81	0.310344827586207
cFe	703	cFe2	50	81	0.310344827586207
cFe	703	cFe3	54	95	0.275862068965517
kuj	704	kuj0	78	34	0.642857142857143
kuj	704	kuj1	54	45	0.357142857142857
urq	705	urq0	63	27	0.222222222222222
urq	705	urq1	63	6	0.555555555555556
urq	705	urq2	64	10	0.222222222222222
kDY	706	kDY0	22	24	0.2
kDY	706	kDY1	14	49	0.466666666666667
kDY	706	kDY2	11	49	0.266666666666667
kDY	706	kDY3	22	41	0.0666666666666667
dEe	707	dEe0	40	61	0.5
dEe	707	dEe1	39	60	0.214285714285714
dEe	707	dEe2	16	65	0.0714285714285714
dEe	707	dEe3	14	63	0.214285714285714
Xou	708	Xou0	67	19	0.416666666666667
Xou	708	Xou1	46	23	0.583333333333333
BsU	709	BsU0	53	59	0.384615384615385
BsU	709	BsU1	64	53	0.615384615384615
aeM	710	aeM0	31	85	0.625
aeM	710	aeM1	17	78	0.375
sTh	711	sTh0	34	45	0.15
sTh	711	sTh1	31	66	0.3
sTh	711	sTh2	26	54	0.25
sTh	711	sTh3	29	52	0.3
qMC	712	qMC0	55	40	0.269230769230769
qMC	712	qMC1	61	39	0.307692307692308
qMC	712	qMC2	53	56	0.192307692307692
qMC	712	qMC3	52	38	0.230769230769231
HnY	713	HnY0	64	37	0.291666666666667
HnY	713	HnY1	78	37	0.0416666666666667
HnY	713	HnY2	61	36	0.333333333333333
HnY	713	HnY3	55	24	0.333333333333333
dyk	714	dyk0	20	83	0.137931034482759
dyk	714	dyk1	38	94	0.241379310344828
dyk	714	dyk2	31	76	0.310344827586207
dyk	714	dyk3	22	91	0.310344827586207
pDY	715	pDY0	38	81	0.0769230769230769
pDY	715	pDY1	46	87	0.615384615384615
pDY	715	pDY2	22	62	0.0769230769230769
pDY	715	pDY3	22	71	0.230769230769231
XTT	716	XTT0	71	23	0.21875
XTT	716	XTT1	64	24	0.25
XTT	716	XTT2	72	23	0.25
XTT	716	XTT3	83	41	0.28125
sex	717	sex0	45	49	0.466666666666667
sex	717	sex1	29	62	0.133333333333333
sex	717	sex2	40	47	0.333333333333333
sex	717	sex3	44	66	0.0666666666666667
aCQ	718	aCQ0	86	67	0.4
aCQ	718	aCQ1	69	52	0.4
aCQ	718	aCQ2	79	77	0.2
MKf	719	MKf0	34	52	0.4
MKf	719	MKf1	47	64	0.4
MKf	719	MKf2	40	73	0.2
eJX	720	eJX0	54	83	0.32
eJX	720	eJX1	40	75	0.36
eJX	720	eJX2	43	85	0.24
eJX	720	eJX3	45	66	0.08
QLY	721	QLY0	32	35	0.636363636363636
QLY	721	QLY1	11	46	0.363636363636364
HXF	722	HXF0	75	29	0.166666666666667
HXF	722	HXF1	63	15	0.222222222222222
HXF	722	HXF2	78	24	0.444444444444444
HXF	722	HXF3	83	20	0.166666666666667
Khg	723	Khg0	46	22	0.1875
Khg	723	Khg1	30	5	0.3125
Khg	723	Khg2	29	18	0.25
Khg	723	Khg3	47	17	0.25
ncO	724	ncO0	50	34	0.25
ncO	724	ncO1	60	27	0.75
jRU	725	jRU0	29	47	0.444444444444444
jRU	725	jRU1	37	58	0.555555555555556
Bqg	726	Bqg0	88	59	0.642857142857143
Bqg	726	Bqg1	64	60	0.357142857142857
WFf	727	WFf0	68	40	0.142857142857143
WFf	727	WFf1	73	34	0.428571428571429
WFf	727	WFf2	64	47	0.428571428571429
hEM	728	hEM0	31	22	0.666666666666667
hEM	728	hEM1	29	14	0.333333333333333
FeN	729	FeN0	70	51	0.5
FeN	729	FeN1	52	27	0.375
FeN	729	FeN2	65	37	0.125
ZuV	730	ZuV0	84	35	0.111111111111111
ZuV	730	ZuV1	66	43	0.888888888888889
LDC	731	LDC0	61	45	0.5
LDC	731	LDC1	86	24	0.0714285714285714
LDC	731	LDC2	59	33	0.428571428571429
OqF	732	OqF0	44	84	0.166666666666667
OqF	732	OqF1	49	63	0.833333333333333
bJR	733	bJR0	68	54	0.5
bJR	733	bJR1	68	46	0.25
bJR	733	bJR2	78	65	0.25
KRG	734	KRG0	61	47	0.176470588235294
KRG	734	KRG1	75	39	0.529411764705882
KRG	734	KRG2	65	36	0.294117647058824
ucS	735	ucS0	84	50	0.0769230769230769
ucS	735	ucS1	88	43	0.461538461538462
ucS	735	ucS2	75	67	0.0769230769230769
ucS	735	ucS3	90	56	0.384615384615385
mTb	736	mTb0	25	27	0.666666666666667
mTb	736	mTb1	12	7	0.333333333333333
UEM	737	UEM0	22	43	0.181818181818182
UEM	737	UEM1	40	43	0.409090909090909
UEM	737	UEM2	40	55	0.409090909090909
nmh	738	nmh0	45	60	0.5
nmh	738	nmh1	63	44	0.5
NoB	739	NoB0	67	16	0.333333333333333
NoB	739	NoB1	61	34	0.666666666666667
Yuf	740	Yuf0	55	45	0.260869565217391
Yuf	740	Yuf1	68	61	0.0869565217391304
Yuf	740	Yuf2	55	52	0.304347826086957
Yuf	740	Yuf3	68	51	0.347826086956522
xkb	741	xkb0	18	41	0.388888888888889
xkb	741	xkb1	4	46	0.277777777777778
xkb	741	xkb2	14	25	0.277777777777778
xkb	741	xkb3	22	48	0.0555555555555556
GhA	742	GhA0	47	71	0.9
GhA	742	GhA1	44	57	0.1
BLV	743	BLV0	13	51	0.125
BLV	743	BLV1	18	64	0.875
GUS	744	GUS0	73	76	0.416666666666667
GUS	744	GUS1	78	63	0.583333333333333
Zup	745	Zup0	75	60	0.214285714285714
Zup	745	Zup1	60	55	0.642857142857143
Zup	745	Zup2	80	71	0.142857142857143
ivv	746	ivv0	85	51	0.111111111111111
ivv	746	ivv1	70	58	0.333333333333333
ivv	746	ivv2	88	51	0.555555555555556
EWr	747	EWr0	75	48	0.75
EWr	747	EWr1	62	60	0.25
pTC	748	pTC0	96	28	0.6
pTC	748	pTC1	69	31	0.4
wzx	749	wzx0	84	37	0.5
wzx	749	wzx1	75	55	0.5
WxQ	750	WxQ0	43	89	0.466666666666667
WxQ	750	WxQ1	40	83	0.2
WxQ	750	WxQ2	41	85	0.333333333333333
djZ	751	djZ0	26	61	0.470588235294118
djZ	751	djZ1	43	61	0.235294117647059
djZ	751	djZ2	33	59	0.294117647058824
gaj	752	gaj0	35	52	0.4
gaj	752	gaj1	44	53	0.6
UPQ	753	UPQ0	29	73	0.538461538461538
UPQ	753	UPQ1	41	64	0.230769230769231
UPQ	753	UPQ2	44	69	0.230769230769231
kPG	754	kPG0	26	22	0.380952380952381
kPG	754	kPG1	28	29	0.428571428571429
kPG	754	kPG2	9	18	0.19047619047619
yvz	755	yvz0	75	42	0.0769230769230769
yvz	755	yvz1	89	39	0.0769230769230769
yvz	755	yvz2	85	60	0.230769230769231
yvz	755	yvz3	83	56	0.615384615384615
PdK	756	PdK0	72	34	0.0588235294117647
PdK	756	PdK1	80	27	0.529411764705882
PdK	756	PdK2	87	45	0.411764705882353
abs	757	abs0	34	27	0.269230769230769
abs	757	abs1	54	31	0.346153846153846
abs	757	abs2	60	28	0.230769230769231
abs	757	abs3	35	34	0.153846153846154
MQm	758	MQm0	71	22	0.428571428571429
MQm	758	MQm1	73	8	0.571428571428571
ZKo	759	ZKo0	88	88	0.4
ZKo	759	ZKo1	80	68	0.6
kJC	760	kJC0	71	36	0.111111111111111
kJC	760	kJC1	59	40	0.444444444444444
kJC	760	kJC2	64	63	0.444444444444444
Aum	761	Aum0	69	50	0.428571428571429
Aum	761	Aum1	65	61	0.142857142857143
Aum	761	Aum2	60	66	0.0952380952380952
Aum	761	Aum3	70	64	0.333333333333333
eQU	762	eQU0	52	57	0.173913043478261
eQU	762	eQU1	42	56	0.391304347826087
eQU	762	eQU2	55	72	0.260869565217391
eQU	762	eQU3	56	55	0.173913043478261
Lym	763	Lym0	46	22	0.238095238095238
Lym	763	Lym1	55	18	0.238095238095238
Lym	763	Lym2	63	38	0.0952380952380952
Lym	763	Lym3	62	24	0.428571428571429
eLY	764	eLY0	75	58	0.105263157894737
eLY	764	eLY1	79	69	0.263157894736842
eLY	764	eLY2	89	51	0.421052631578947
eLY	764	eLY3	84	63	0.210526315789474
wnq	765	wnq0	30	42	0.333333333333333
wnq	765	wnq1	33	43	0.277777777777778
wnq	765	wnq2	33	40	0.166666666666667
wnq	765	wnq3	19	41	0.222222222222222
dWr	766	dWr0	52	44	0.9
dWr	766	dWr1	59	47	0.1
XQZ	767	XQZ0	44	73	0.466666666666667
XQZ	767	XQZ1	39	67	0.533333333333333
OcC	768	OcC0	76	48	0.375
OcC	768	OcC1	72	51	0.625
hno	769	hno0	57	62	0.217391304347826
hno	769	hno1	39	69	0.0434782608695652
hno	769	hno2	32	78	0.347826086956522
hno	769	hno3	39	71	0.391304347826087
Cfz	770	Cfz0	7	19	0.692307692307692
Cfz	770	Cfz1	15	19	0.307692307692308
oXq	771	oXq0	58	16	0.333333333333333
oXq	771	oXq1	55	20	0.6
oXq	771	oXq2	54	33	0.0666666666666667
yBw	772	yBw0	70	80	0.222222222222222
yBw	772	yBw1	92	72	0.444444444444444
yBw	772	yBw2	90	71	0.333333333333333
qfZ	773	qfZ0	41	59	0.2
qfZ	773	qfZ1	33	78	0.8
KaY	774	KaY0	11	33	0.368421052631579
KaY	774	KaY1	10	34	0.263157894736842
KaY	774	KaY2	16	25	0.368421052631579
vOw	775	vOw0	77	79	0.466666666666667
vOw	775	vOw1	63	60	0.533333333333333
QjJ	776	QjJ0	68	18	0.416666666666667
QjJ	776	QjJ1	72	29	0.583333333333333
Tem	777	Tem0	31	57	0.384615384615385
Tem	777	Tem1	23	47	0.615384615384615
ttn	778	ttn0	61	22	0.12
ttn	778	ttn1	78	17	0.28
ttn	778	ttn2	57	30	0.36
ttn	778	ttn3	49	24	0.24
BYj	779	BYj0	13	72	0.777777777777778
BYj	779	BYj1	28	71	0.222222222222222
jUS	780	jUS0	89	69	0.166666666666667
jUS	780	jUS1	98	57	0.333333333333333
jUS	780	jUS2	74	59	0.5
VHQ	781	VHQ0	87	84	0.5
VHQ	781	VHQ1	63	79	0.333333333333333
VHQ	781	VHQ2	82	78	0.166666666666667
aOr	782	aOr0	95	46	0.833333333333333
aOr	782	aOr1	90	26	0.166666666666667
fSy	783	fSy0	44	71	0.391304347826087
fSy	783	fSy1	48	80	0.260869565217391
fSy	783	fSy2	58	79	0.0434782608695652
fSy	783	fSy3	64	81	0.304347826086957
ZSO	784	ZSO0	31	6	0.4
ZSO	784	ZSO1	22	24	0.6
Vvt	785	Vvt0	26	70	0.3
Vvt	785	Vvt1	11	81	0.25
Vvt	785	Vvt2	27	60	0.45
hvA	786	hvA0	36	36	0.333333333333333
hvA	786	hvA1	19	46	0.4
hvA	786	hvA2	30	53	0.266666666666667
uuO	787	uuO0	76	84	0.294117647058824
uuO	787	uuO1	83	97	0.117647058823529
uuO	787	uuO2	84	75	0.176470588235294
uuO	787	uuO3	70	86	0.411764705882353
AZG	788	AZG0	68	40	0.375
AZG	788	AZG1	58	39	0.5
AZG	788	AZG2	66	58	0.0625
AZG	788	AZG3	66	54	0.0625
mCA	789	mCA0	8	41	0.666666666666667
mCA	789	mCA1	26	45	0.333333333333333
dYC	790	dYC0	25	40	0.4375
dYC	790	dYC1	28	31	0.0625
dYC	790	dYC2	37	19	0.5
igR	791	igR0	46	45	0.45
igR	791	igR1	48	58	0.2
igR	791	igR2	20	67	0.1
igR	791	igR3	48	54	0.25
XwM	792	XwM0	49	12	0.583333333333333
XwM	792	XwM1	46	8	0.416666666666667
aga	793	aga0	66	37	0.357142857142857
aga	793	aga1	59	39	0.642857142857143
ozp	794	ozp0	83	30	0.380952380952381
ozp	794	ozp1	79	18	0.285714285714286
ozp	794	ozp2	79	30	0.0952380952380952
ozp	794	ozp3	66	32	0.238095238095238
wkK	795	wkK0	15	33	0.0555555555555556
wkK	795	wkK1	31	26	0.166666666666667
wkK	795	wkK2	22	17	0.333333333333333
wkK	795	wkK3	20	32	0.444444444444444
ifH	796	ifH0	51	71	0.1
ifH	796	ifH1	45	66	0.4
ifH	796	ifH2	66	65	0.25
ifH	796	ifH3	72	65	0.25
mov	797	mov0	32	31	0.176470588235294
mov	797	mov1	16	35	0.529411764705882
mov	797	mov2	20	24	0.294117647058824
EKq	798	EKq0	44	64	0.125
EKq	798	EKq1	49	48	0.3125
EKq	798	EKq2	56	48	0.25
EKq	798	EKq3	44	65	0.3125
kcg	799	kcg0	25	37	0.181818181818182
kcg	799	kcg1	15	38	0.272727272727273
kcg	799	kcg2	30	58	0.181818181818182
kcg	799	kcg3	37	50	0.363636363636364
wxr	800	wxr0	26	69	0.571428571428571
wxr	800	wxr1	27	87	0.428571428571429
vsO	801	vsO0	19	56	0.4375
vsO	801	vsO1	12	61	0.0625
vsO	801	vsO2	28	48	0.3125
vsO	801	vsO3	13	59	0.1875
vRG	802	vRG0	30	33	0.125
vRG	802	vRG1	14	46	0.0625
vRG	802	vRG2	15	27	0.5
vRG	802	vRG3	30	44	0.3125
tYX	803	tYX0	48	17	0.19047619047619
tYX	803	tYX1	33	27	0.333333333333333
tYX	803	tYX2	35	16	0.285714285714286
tYX	803	tYX3	37	32	0.19047619047619
sEj	804	sEj0	75	30	0.75
sEj	804	sEj1	68	35	0.25
jMR	805	jMR0	55	25	0.4
jMR	805	jMR1	34	35	0.6
nng	806	nng0	30	23	0.290322580645161
nng	806	nng1	22	28	0.225806451612903
nng	806	nng2	37	15	0.290322580645161
nng	806	nng3	48	15	0.193548387096774
DuA	807	DuA0	23	12	0.363636363636364
DuA	807	DuA1	17	41	0.545454545454545
DuA	807	DuA2	23	37	0.0909090909090909
yYL	808	yYL0	67	70	0.0909090909090909
yYL	808	yYL1	79	79	0.181818181818182
yYL	808	yYL2	57	82	0.727272727272727
XKR	809	XKR0	44	24	0.222222222222222
XKR	809	XKR1	43	14	0.222222222222222
XKR	809	XKR2	43	1	0.388888888888889
XKR	809	XKR3	29	25	0.166666666666667
gDK	810	gDK0	7	19	0.428571428571429
gDK	810	gDK1	32	36	0.571428571428571
jNy	811	jNy0	68	32	0.529411764705882
jNy	811	jNy1	72	23	0.470588235294118
sgU	812	sgU0	33	34	0.375
sgU	812	sgU1	34	51	0.375
sgU	812	sgU2	35	45	0.25
ZjJ	813	ZjJ0	49	46	0.625
ZjJ	813	ZjJ1	48	36	0.375
oGv	814	oGv0	87	57	0.0833333333333333
oGv	814	oGv1	93	33	0.333333333333333
oGv	814	oGv2	82	43	0.375
oGv	814	oGv3	85	31	0.208333333333333
sWr	815	sWr0	90	47	0.4
sWr	815	sWr1	76	28	0.6
yau	816	yau0	29	41	0.25
yau	816	yau1	24	22	0.1875
yau	816	yau2	35	29	0.3125
yau	816	yau3	16	32	0.25
mFk	817	mFk0	46	69	0.36
mFk	817	mFk1	61	47	0.36
mFk	817	mFk2	36	51	0.28
hYJ	818	hYJ0	31	84	0.1
hYJ	818	hYJ1	19	83	0.35
hYJ	818	hYJ2	27	81	0.1
hYJ	818	hYJ3	35	93	0.45
ULK	819	ULK0	23	64	0.3
ULK	819	ULK1	22	67	0.25
ULK	819	ULK2	12	83	0.45
ayd	820	ayd0	26	46	0.176470588235294
ayd	820	ayd1	22	48	0.117647058823529
ayd	820	ayd2	40	41	0.411764705882353
ayd	820	ayd3	36	34	0.294117647058824
vgq	821	vgq0	22	80	0.0625
vgq	821	vgq1	23	78	0.5
vgq	821	vgq2	13	84	0.375
vgq	821	vgq3	24	77	0.0625
rnV	822	rnV0	28	20	0.411764705882353
rnV	822	rnV1	38	14	0.411764705882353
rnV	822	rnV2	21	20	0.0588235294117647
rnV	822	rnV3	20	23	0.117647058823529
ycw	823	ycw0	92	51	0.133333333333333
ycw	823	ycw1	71	42	0.2
ycw	823	ycw2	92	36	0.133333333333333
ycw	823	ycw3	79	29	0.533333333333333
hJw	824	hJw0	63	57	0.5
hJw	824	hJw1	77	47	0.5
UDS	825	UDS0	14	59	0.529411764705882
UDS	825	UDS1	34	63	0.0588235294117647
UDS	825	UDS2	26	48	0.411764705882353
UuK	826	UuK0	37	67	0.241379310344828
UuK	826	UuK1	12	78	0.310344827586207
UuK	826	UuK2	28	73	0.137931034482759
UuK	826	UuK3	29	78	0.310344827586207
mBq	827	mBq0	50	36	0.277777777777778
mBq	827	mBq1	54	24	0.277777777777778
mBq	827	mBq2	48	32	0.444444444444444
iSk	828	iSk0	25	6	0.8
iSk	828	iSk1	48	3	0.2
YkJ	829	YkJ0	75	13	0.8
YkJ	829	YkJ1	87	10	0.2
itH	830	itH0	50	43	0.473684210526316
itH	830	itH1	61	59	0.210526315789474
itH	830	itH2	60	55	0.315789473684211
rWz	831	rWz0	26	70	0.214285714285714
rWz	831	rWz1	24	74	0.428571428571429
rWz	831	rWz2	29	69	0.357142857142857
qMU	832	qMU0	72	23	0.333333333333333
qMU	832	qMU1	58	25	0.6
qMU	832	qMU2	56	19	0.0666666666666667
cLp	833	cLp0	59	76	0.142857142857143
cLp	833	cLp1	44	71	0.857142857142857
QWb	834	QWb0	11	38	0.333333333333333
QWb	834	QWb1	22	31	0.666666666666667
mqj	835	mqj0	25	37	0.310344827586207
mqj	835	mqj1	16	38	0.241379310344828
mqj	835	mqj2	13	55	0.137931034482759
mqj	835	mqj3	14	45	0.310344827586207
jiS	836	jiS0	56	41	0.4375
jiS	836	jiS1	52	36	0.1875
jiS	836	jiS2	38	50	0.375
odL	837	odL0	46	56	0.241379310344828
odL	837	odL1	31	32	0.310344827586207
odL	837	odL2	48	37	0.310344827586207
odL	837	odL3	31	37	0.137931034482759
hcp	838	hcp0	46	34	0.272727272727273
hcp	838	hcp1	43	25	0.0909090909090909
hcp	838	hcp2	42	33	0.363636363636364
hcp	838	hcp3	49	40	0.272727272727273
Atd	839	Atd0	81	66	0.636363636363636
Atd	839	Atd1	79	75	0.272727272727273
Atd	839	Atd2	89	62	0.0909090909090909
dhn	840	dhn0	46	56	0.0909090909090909
dhn	840	dhn1	51	32	0.272727272727273
dhn	840	dhn2	46	44	0.181818181818182
dhn	840	dhn3	53	43	0.454545454545455
OJZ	841	OJZ0	51	50	0.133333333333333
OJZ	841	OJZ1	46	24	0.533333333333333
OJZ	841	OJZ2	69	44	0.333333333333333
Uoa	842	Uoa0	66	29	0.357142857142857
Uoa	842	Uoa1	61	37	0.357142857142857
Uoa	842	Uoa2	66	51	0.285714285714286
KxP	843	KxP0	50	74	0.0869565217391304
KxP	843	KxP1	64	88	0.260869565217391
KxP	843	KxP2	54	71	0.260869565217391
KxP	843	KxP3	47	87	0.391304347826087
LXT	844	LXT0	77	66	0.642857142857143
LXT	844	LXT1	81	92	0.357142857142857
rFX	845	rFX0	11	65	0.0588235294117647
rFX	845	rFX1	32	70	0.529411764705882
rFX	845	rFX2	27	41	0.411764705882353
BXz	846	BXz0	52	62	0.421052631578947
BXz	846	BXz1	77	61	0.368421052631579
BXz	846	BXz2	61	41	0.105263157894737
BXz	846	BXz3	66	48	0.105263157894737
bDS	847	bDS0	18	38	0.173913043478261
bDS	847	bDS1	32	24	0.347826086956522
bDS	847	bDS2	25	31	0.260869565217391
bDS	847	bDS3	44	32	0.217391304347826
PPc	848	PPc0	49	29	0.4375
PPc	848	PPc1	76	5	0.5625
OrR	849	OrR0	46	6	0.454545454545455
OrR	849	OrR1	52	12	0.545454545454545
auE	850	auE0	75	53	0.529411764705882
auE	850	auE1	75	33	0.470588235294118
yPU	851	yPU0	44	44	0.2
yPU	851	yPU1	50	53	0.266666666666667
yPU	851	yPU2	51	66	0.533333333333333
mov	852	mov0	76	72	0.333333333333333
mov	852	mov1	53	59	0.166666666666667
mov	852	mov2	60	69	0.5
KVs	853	KVs0	34	35	0.6
KVs	853	KVs1	19	34	0.4
jXu	854	jXu0	57	29	0.333333333333333
jXu	854	jXu1	47	27	0.25
jXu	854	jXu2	61	23	0.0416666666666667
jXu	854	jXu3	62	25	0.375
RjQ	855	RjQ0	56	27	0.571428571428571
RjQ	855	RjQ1	43	25	0.428571428571429
Hrv	856	Hrv0	14	58	0.294117647058824
Hrv	856	Hrv1	12	82	0.176470588235294
Hrv	856	Hrv2	4	86	0.529411764705882
BDd	857	BDd0	26	57	0.428571428571429
BDd	857	BDd1	35	48	0.5
BDd	857	BDd2	31	58	0.0714285714285714
ibT	858	ibT0	67	49	0.6
ibT	858	ibT1	83	57	0.4
tvg	859	tvg0	35	57	0.15
tvg	859	tvg1	31	30	0.35
tvg	859	tvg2	22	38	0.3
tvg	859	tvg3	12	57	0.2
kfd	860	kfd0	6	62	0.583333333333333
kfd	860	kfd1	5	65	0.416666666666667
TRs	861	TRs0	76	49	0.333333333333333
TRs	861	TRs1	87	27	0.666666666666667
cOc	862	cOc0	45	43	0.25
cOc	862	cOc1	42	56	0.666666666666667
cOc	862	cOc2	59	31	0.0833333333333333
Eva	863	Eva0	6	66	0.2
Eva	863	Eva1	28	50	0.2
Eva	863	Eva2	14	70	0.6
huv	864	huv0	53	42	0.3
huv	864	huv1	61	34	0.25
huv	864	huv2	48	54	0.45
nHa	865	nHa0	70	42	0.615384615384615
nHa	865	nHa1	83	23	0.384615384615385
vNc	866	vNc0	61	15	0.363636363636364
vNc	866	vNc1	66	17	0.0909090909090909
vNc	866	vNc2	55	15	0.272727272727273
vNc	866	vNc3	54	39	0.272727272727273
gcv	867	gcv0	59	43	0.173913043478261
gcv	867	gcv1	46	44	0.260869565217391
gcv	867	gcv2	55	33	0.173913043478261
gcv	867	gcv3	36	36	0.391304347826087
wRb	868	wRb0	51	64	0.416666666666667
wRb	868	wRb1	59	52	0.5
wRb	868	wRb2	59	47	0.0833333333333333
iLU	869	iLU0	93	65	0.111111111111111
iLU	869	iLU1	73	66	0.888888888888889
Cpr	870	Cpr0	17	70	0.285714285714286
Cpr	870	Cpr1	8	72	0.0714285714285714
Cpr	870	Cpr2	32	88	0.642857142857143
utU	871	utU0	58	23	0.125
utU	871	utU1	45	50	0.0625
utU	871	utU2	50	42	0.375
utU	871	utU3	51	31	0.4375
sBm	872	sBm0	54	36	0.142857142857143
sBm	872	sBm1	54	36	0.142857142857143
sBm	872	sBm2	50	7	0.5
sBm	872	sBm3	46	30	0.214285714285714
YxA	873	YxA0	31	39	0.444444444444444
YxA	873	YxA1	7	34	0.111111111111111
YxA	873	YxA2	20	44	0.444444444444444
jYo	874	jYo0	38	14	0.125
jYo	874	jYo1	27	12	0.875
Yxy	875	Yxy0	58	39	0.208333333333333
Yxy	875	Yxy1	72	34	0.333333333333333
Yxy	875	Yxy2	54	45	0.375
Yxy	875	Yxy3	74	48	0.0833333333333333
Xum	876	Xum0	62	12	0.4375
Xum	876	Xum1	89	8	0.3125
Xum	876	Xum2	67	31	0.25
iwD	877	iwD0	44	41	0.153846153846154
iwD	877	iwD1	28	34	0.615384615384615
iwD	877	iwD2	33	46	0.230769230769231
iTO	878	iTO0	31	50	0.0714285714285714
iTO	878	iTO1	42	59	0.428571428571429
iTO	878	iTO2	46	56	0.428571428571429
iTO	878	iTO3	24	33	0.0714285714285714
jBb	879	jBb0	20	16	0.4
jBb	879	jBb1	21	16	0.6
OOX	880	OOX0	21	40	0.210526315789474
OOX	880	OOX1	39	34	0.473684210526316
OOX	880	OOX2	41	33	0.315789473684211
NbV	881	NbV0	32	47	0.692307692307692
NbV	881	NbV1	61	48	0.153846153846154
NbV	881	NbV2	58	54	0.153846153846154
CTV	882	CTV0	42	29	0.222222222222222
CTV	882	CTV1	64	12	0.222222222222222
CTV	882	CTV2	38	19	0.222222222222222
CTV	882	CTV3	44	12	0.333333333333333
tqe	883	tqe0	29	6	0.571428571428571
tqe	883	tqe1	19	25	0.428571428571429
wzQ	884	wzQ0	56	74	0.333333333333333
wzQ	884	wzQ1	35	62	0.666666666666667
saq	885	saq0	39	43	0.75
saq	885	saq1	50	28	0.25
Ose	886	Ose0	60	64	0.6
Ose	886	Ose1	78	76	0.0666666666666667
Ose	886	Ose2	63	70	0.2
Ose	886	Ose3	62	71	0.133333333333333
hNm	887	hNm0	80	74	0.266666666666667
hNm	887	hNm1	60	61	0.2
hNm	887	hNm2	68	59	0.533333333333333
MAU	888	MAU0	74	33	0.466666666666667
MAU	888	MAU1	75	33	0.533333333333333
gdk	889	gdk0	66	39	0.409090909090909
gdk	889	gdk1	47	51	0.136363636363636
gdk	889	gdk2	41	33	0.0454545454545455
gdk	889	gdk3	55	37	0.409090909090909
nfm	890	nfm0	67	39	0.454545454545455
nfm	890	nfm1	84	52	0.545454545454545
oyS	891	oyS0	54	72	0.133333333333333
oyS	891	oyS1	66	85	0.2
oyS	891	oyS2	50	85	0.0666666666666667
oyS	891	oyS3	70	83	0.6
qSo	892	qSo0	46	9	0.352941176470588
qSo	892	qSo1	62	31	0.235294117647059
qSo	892	qSo2	57	34	0.411764705882353
gex	893	gex0	75	38	0.363636363636364
gex	893	gex1	82	27	0.636363636363636
PVd	894	PVd0	55	52	0.428571428571429
PVd	894	PVd1	59	73	0.285714285714286
PVd	894	PVd2	54	62	0.285714285714286
Jxr	895	Jxr0	43	72	0.125
Jxr	895	Jxr1	56	77	0.875
FAE	896	FAE0	7	44	0.533333333333333
FAE	896	FAE1	20	32	0.466666666666667
CKo	897	CKo0	53	18	0.555555555555556
CKo	897	CKo1	64	23	0.444444444444444
qjr	898	qjr0	31	29	0.533333333333333
qjr	898	qjr1	44	31	0.266666666666667
qjr	898	qjr2	24	28	0.2
cwn	899	cwn0	28	66	0.375
cwn	899	cwn1	15	88	0.1875
cwn	899	cwn2	15	74	0.4375
BzS	900	BzS0	51	64	0.176470588235294
BzS	900	BzS1	71	77	0.0588235294117647
BzS	900	BzS2	65	56	0.529411764705882
BzS	900	BzS3	66	66	0.235294117647059
tEP	901	tEP0	38	67	0.411764705882353
tEP	901	tEP1	25	73	0.0588235294117647
tEP	901	tEP2	19	71	0.529411764705882
mNZ	902	mNZ0	47	54	0.388888888888889
mNZ	902	mNZ1	55	67	0.388888888888889
mNZ	902	mNZ2	66	45	0.222222222222222
HvZ	903	HvZ0	20	45	0.2
HvZ	903	HvZ1	37	40	0.8
Vwk	904	Vwk0	49	20	0.5
Vwk	904	Vwk1	54	43	0.5
haX	905	haX0	51	52	0.307692307692308
haX	905	haX1	28	52	0.153846153846154
haX	905	haX2	34	41	0.461538461538462
haX	905	haX3	43	51	0.0769230769230769
NBw	906	NBw0	15	60	0.375
NBw	906	NBw1	18	68	0.291666666666667
NBw	906	NBw2	30	52	0.333333333333333
aZd	907	aZd0	84	57	0.357142857142857
aZd	907	aZd1	83	54	0.0714285714285714
aZd	907	aZd2	58	73	0.0714285714285714
aZd	907	aZd3	57	74	0.5
oxi	908	oxi0	62	78	0.166666666666667
oxi	908	oxi1	57	79	0.833333333333333
sjt	909	sjt0	51	11	0.375
sjt	909	sjt1	42	9	0.1875
sjt	909	sjt2	56	34	0.4375
evB	910	evB0	84	82	0.4
evB	910	evB1	80	69	0.2
evB	910	evB2	74	85	0.4
mba	911	mba0	30	51	0.75
mba	911	mba1	45	44	0.25
eGn	912	eGn0	40	21	0.75
eGn	912	eGn1	69	22	0.25
Gyk	913	Gyk0	44	56	0.346153846153846
Gyk	913	Gyk1	41	63	0.0769230769230769
Gyk	913	Gyk2	43	56	0.307692307692308
Gyk	913	Gyk3	27	51	0.269230769230769
dks	914	dks0	51	10	0.176470588235294
dks	914	dks1	54	20	0.470588235294118
dks	914	dks2	54	12	0.176470588235294
dks	914	dks3	41	37	0.176470588235294
eTU	915	eTU0	6	29	0.5625
eTU	915	eTU1	4	27	0.1875
eTU	915	eTU2	30	39	0.25
ZoO	916	ZoO0	62	76	0.166666666666667
ZoO	916	ZoO1	52	59	0.388888888888889
ZoO	916	ZoO2	74	69	0.444444444444444
Gko	917	Gko0	64	46	0.0666666666666667
Gko	917	Gko1	70	44	0.6
Gko	917	Gko2	73	56	0.133333333333333
Gko	917	Gko3	74	56	0.2
LDg	918	LDg0	40	67	0.428571428571429
LDg	918	LDg1	42	55	0.571428571428571
BJD	919	BJD0	66	75	0.36
BJD	919	BJD1	71	89	0.32
BJD	919	BJD2	82	73	0.12
BJD	919	BJD3	63	75	0.2
CBz	920	CBz0	27	78	0.264705882352941
CBz	920	CBz1	16	82	0.264705882352941
CBz	920	CBz2	23	82	0.235294117647059
CBz	920	CBz3	25	74	0.235294117647059
HvK	921	HvK0	72	26	0.176470588235294
HvK	921	HvK1	77	32	0.176470588235294
HvK	921	HvK2	63	14	0.411764705882353
HvK	921	HvK3	66	30	0.235294117647059
MQK	922	MQK0	71	30	0.8
MQK	922	MQK1	62	42	0.2
CzV	923	CzV0	29	78	0.3
CzV	923	CzV1	26	55	0.4
CzV	923	CzV2	29	51	0.3
bCp	924	bCp0	45	6	0.05
bCp	924	bCp1	18	13	0.45
bCp	924	bCp2	17	15	0.35
bCp	924	bCp3	25	27	0.15
uDo	925	uDo0	20	63	0.375
uDo	925	uDo1	21	72	0.625
cxF	926	cxF0	22	59	0.5
cxF	926	cxF1	15	55	0.5
KcQ	927	KcQ0	64	53	0.272727272727273
KcQ	927	KcQ1	54	47	0.727272727272727
QRo	928	QRo0	58	74	0.8
QRo	928	QRo1	49	49	0.2
wBJ	929	wBJ0	53	25	0.214285714285714
wBJ	929	wBJ1	59	28	0.571428571428571
wBJ	929	wBJ2	72	23	0.142857142857143
wBJ	929	wBJ3	64	6	0.0714285714285714
jih	930	jih0	69	57	0.35
jih	930	jih1	76	73	0.4
jih	930	jih2	66	47	0.25
OTM	931	OTM0	74	25	0.444444444444444
OTM	931	OTM1	56	19	0.111111111111111
OTM	931	OTM2	48	18	0.444444444444444
ZsQ	932	ZsQ0	31	40	0.105263157894737
ZsQ	932	ZsQ1	23	51	0.421052631578947
ZsQ	932	ZsQ2	39	31	0.210526315789474
ZsQ	932	ZsQ3	24	48	0.263157894736842
jxW	933	jxW0	70	84	0.0625
jxW	933	jxW1	73	82	0.375
jxW	933	jxW2	71	93	0.5625
iua	934	iua0	38	89	0.666666666666667
iua	934	iua1	18	73	0.333333333333333
ijt	935	ijt0	40	6	0.5
ijt	935	ijt1	47	26	0.0714285714285714
ijt	935	ijt2	46	15	0.428571428571429
szy	936	szy0	88	13	0.310344827586207
szy	936	szy1	83	27	0.310344827586207
szy	936	szy2	66	29	0.206896551724138
szy	936	szy3	79	36	0.172413793103448
KPH	937	KPH0	32	79	0.533333333333333
KPH	937	KPH1	33	82	0.466666666666667
kfS	938	kfS0	20	35	0.136363636363636
kfS	938	kfS1	47	39	0.363636363636364
kfS	938	kfS2	47	57	0.409090909090909
kfS	938	kfS3	48	52	0.0909090909090909
AAd	939	AAd0	19	56	0.5
AAd	939	AAd1	24	53	0.5
vvS	940	vvS0	54	69	0.714285714285714
vvS	940	vvS1	69	74	0.285714285714286
boN	941	boN0	81	21	0.111111111111111
boN	941	boN1	67	38	0.222222222222222
boN	941	boN2	62	44	0.444444444444444
boN	941	boN3	75	36	0.222222222222222
kip	942	kip0	88	81	0.714285714285714
kip	942	kip1	69	60	0.285714285714286
frR	943	frR0	31	41	0.416666666666667
frR	943	frR1	29	46	0.583333333333333
NhL	944	NhL0	20	74	0.533333333333333
NhL	944	NhL1	22	57	0.466666666666667
dTO	945	dTO0	39	25	0.2
dTO	945	dTO1	54	27	0.8
oDL	946	oDL0	12	91	0.666666666666667
oDL	946	oDL1	32	91	0.333333333333333
vgA	947	vgA0	55	10	0.545454545454545
vgA	947	vgA1	63	4	0.454545454545455
ZFM	948	ZFM0	54	39	0.428571428571429
ZFM	948	ZFM1	68	51	0.571428571428571
dqK	949	dqK0	66	63	0.5
dqK	949	dqK1	59	62	0.5
RTU	950	RTU0	54	23	0.117647058823529
RTU	950	RTU1	30	34	0.352941176470588
RTU	950	RTU2	50	31	0.294117647058824
RTU	950	RTU3	32	21	0.235294117647059
qdG	951	qdG0	34	58	0.428571428571429
qdG	951	qdG1	35	61	0.571428571428571
iCt	952	iCt0	41	29	0.421052631578947
iCt	952	iCt1	26	41	0.421052631578947
iCt	952	iCt2	46	47	0.0526315789473684
iCt	952	iCt3	21	46	0.105263157894737
sxh	953	sxh0	65	58	0.375
sxh	953	sxh1	57	59	0.375
sxh	953	sxh2	80	54	0.1875
sxh	953	sxh3	67	61	0.0625
hKD	954	hKD0	78	9	0.304347826086957
hKD	954	hKD1	76	24	0.391304347826087
hKD	954	hKD2	61	32	0.130434782608696
hKD	954	hKD3	80	24	0.173913043478261
NkW	955	NkW0	28	50	0.416666666666667
NkW	955	NkW1	15	37	0.583333333333333
HpB	956	HpB0	42	22	0.5
HpB	956	HpB1	58	8	0.5
wKJ	957	wKJ0	23	59	0.388888888888889
wKJ	957	wKJ1	36	61	0.388888888888889
wKJ	957	wKJ2	28	71	0.222222222222222
RjP	958	RjP0	47	67	0.777777777777778
RjP	958	RjP1	62	84	0.222222222222222
TSx	959	TSx0	37	36	0.6
TSx	959	TSx1	43	52	0.1
TSx	959	TSx2	26	25	0.3
Uua	960	Uua0	30	40	0.615384615384615
Uua	960	Uua1	33	14	0.384615384615385
EQN	961	EQN0	33	91	0.857142857142857
EQN	961	EQN1	33	89	0.142857142857143
kFH	962	kFH0	48	19	0.7
kFH	962	kFH1	40	19	0.3
gpo	963	gpo0	44	67	0.333333333333333
gpo	963	gpo1	46	67	0.666666666666667
Ecu	964	Ecu0	20	75	0.421052631578947
Ecu	964	Ecu1	15	81	0.157894736842105
Ecu	964	Ecu2	16	55	0.105263157894737
Ecu	964	Ecu3	14	58	0.315789473684211
cCD	965	cCD0	45	23	0.363636363636364
cCD	965	cCD1	24	10	0.636363636363636
gmy	966	gmy0	37	59	0.6
gmy	966	gmy1	49	71	0.4
AtK	967	AtK0	52	62	0.777777777777778
AtK	967	AtK1	61	38	0.222222222222222
wuH	968	wuH0	36	56	0.384615384615385
wuH	968	wuH1	27	60	0.615384615384615
qNk	969	qNk0	60	33	0.538461538461538
qNk	969	qNk1	59	35	0.461538461538462
eOS	970	eOS0	25	71	0.0625
eOS	970	eOS1	20	68	0.375
eOS	970	eOS2	27	78	0.125
eOS	970	eOS3	46	70	0.4375
LNm	971	LNm0	52	44	0.333333333333333
LNm	971	LNm1	32	33	0.666666666666667
sZk	972	sZk0	63	50	0.416666666666667
sZk	972	sZk1	52	49	0.166666666666667
sZk	972	sZk2	68	32	0.416666666666667
TMY	973	TMY0	38	71	0.133333333333333
TMY	973	TMY1	16	91	0.266666666666667
TMY	973	TMY2	25	82	0.6
tfg	974	tfg0	64	31	0.125
tfg	974	tfg1	46	37	0.875
sYg	975	sYg0	11	18	0.5
sYg	975	sYg1	29	35	0.214285714285714
sYg	975	sYg2	30	21	0.285714285714286
psO	976	psO0	89	83	0.666666666666667
psO	976	psO1	73	88	0.333333333333333
Pnr	977	Pnr0	65	35	0.5
Pnr	977	Pnr1	75	35	0.166666666666667
Pnr	977	Pnr2	60	32	0.166666666666667
Pnr	977	Pnr3	68	33	0.166666666666667
kTD	978	kTD0	69	68	0.444444444444444
kTD	978	kTD1	85	58	0.333333333333333
kTD	978	kTD2	86	47	0.222222222222222
TGP	979	TGP0	63	75	0.227272727272727
TGP	979	TGP1	60	83	0.409090909090909
TGP	979	TGP2	58	62	0.363636363636364
xXR	980	xXR0	65	72	0.1
xXR	980	xXR1	65	77	0.1
xXR	980	xXR2	58	65	0.8
Hhr	981	Hhr0	0	17	0.5
Hhr	981	Hhr1	25	23	0.5
KwR	982	KwR0	51	14	0.538461538461538
KwR	982	KwR1	37	24	0.461538461538462
KcP	983	KcP0	49	58	0.0909090909090909
KcP	983	KcP1	50	64	0.272727272727273
KcP	983	KcP2	40	75	0.636363636363636
jxV	984	jxV0	55	61	0.333333333333333
jxV	984	jxV1	31	63	0.666666666666667
gzu	985	gzu0	6	77	0.5
gzu	985	gzu1	32	82	0.333333333333333
gzu	985	gzu2	27	73	0.166666666666667
zTc	986	zTc0	61	38	0.428571428571429
zTc	986	zTc1	57	21	0.142857142857143
zTc	986	zTc2	80	37	0.428571428571429
Uqz	987	Uqz0	28	42	0.0769230769230769
Uqz	987	Uqz1	33	35	0.307692307692308
Uqz	987	Uqz2	37	42	0.615384615384615
YbO	988	YbO0	66	36	0.333333333333333
YbO	988	YbO1	59	42	0.25
YbO	988	YbO2	65	47	0.333333333333333
YbO	988	YbO3	62	39	0.0833333333333333
xjq	989	xjq0	10	12	0.153846153846154
xjq	989	xjq1	27	21	0.538461538461538
xjq	989	xjq2	11	29	0.153846153846154
xjq	989	xjq3	25	17	0.153846153846154
mkT	990	mkT0	13	6	0.0769230769230769
mkT	990	mkT1	35	21	0.538461538461538
mkT	990	mkT2	29	19	0.384615384615385
JHv	991	JHv0	44	21	0.357142857142857
JHv	991	JHv1	65	21	0.285714285714286
JHv	991	JHv2	60	25	0.357142857142857
xwk	992	xwk0	24	59	0.421052631578947
xwk	992	xwk1	24	64	0.105263157894737
xwk	992	xwk2	49	50	0.473684210526316
JbY	993	JbY0	16	9	0.375
JbY	993	JbY1	16	18	0.25
JbY	993	JbY2	34	30	0.1875
JbY	993	JbY3	16	17	0.1875
iMF	994	iMF0	46	25	0.1
iMF	994	iMF1	35	18	0.9
Ntg	995	Ntg0	32	63	0.125
Ntg	995	Ntg1	48	52	0.875
cXh	996	cXh0	69	36	0.466666666666667
cXh	996	cXh1	89	37	0.533333333333333
Dzb	997	Dzb0	6	83	0.357142857142857
Dzb	997	Dzb1	12	74	0.214285714285714
Dzb	997	Dzb2	8	72	0.428571428571429
CVj	998	CVj0	50	51	0.538461538461538
CVj	998	CVj1	43	60	0.461538461538462
xUK	999	xUK0	26	15	0.1875
xUK	999	xUK1	25	26	0.25
xUK	999	xUK2	18	37	0.28125
xUK	999	xUK3	13	32	0.28125
